Medication ID ,Medication Name,,,
00002,TAMIFLU,,,
00004,LIDODERM PATCH,,,
00005,A & D VITAMIN,,,
00009,BICILLIN L-A,,,
00013,MYCOPHENOLATE MOFETIL,,,
00017,SIROLIMUS,,,
00021,LOTRONEX,,,
00022,PREVNAR,,,
00032,EXCEDRIN MIGRAINE,,,
00036,MAALOX PLUS,,,
00039,SONATA,,,
00042,PROTONIX,,,
00043,D-50-W,,,
00047,DONNATAL ELIXIR,,,
00048,MOBIC,,,
00052,SILDENAFIL CITRATE,,,
00053,TAMSULOSIN HYDROCHLORIDE,,,
00054,COMTAN,,,
00059,RHO IMMUNE GLOBULIN,,,
00064,D5 1/2 NS WITH KCL,,,
00076,TRILEPTAL,,,
00078,AGGRENOX,,,
00079,CAFCIT,,,
00080,CARBIDOPA-LEVODOPA,,,
00081,EXELON,,,
00084,PREGABALIN,,,
00096,OSTEO-BIFLEX,,,
00101,ISOSORBIDE DINITRATE,,,
00102,ISOSORBIDE MONONITRATE,,,
00109,URSODIOL,,,
00113,ANDROGEL,,,
00114,DILTIA XT,,,
00117,CRANBERRY,,,
00122,GATORADE,,,
00123,NICOTINE,,,
00125,AVELOX,,,
00131,URISTAT,,,
00133,CANDESARTAN,,,
00134,CUREL LOTION,,,
00147,PRETZ,,,
00150,NICODERM CQ PATCH,,,
00154,CHILDREN'S IBUPROFEN,,,
00161,BISOPROLOL,,,
00164,FIBRINOGEN (HUMAN),,,
00167,NOVOLIN N,,,
00169,KETOROLAC TROMETHAMINE,,,
00172,OPHTHALMIC OINTMENT,,,
00176,PREDNISOLONE ACETATE,,,
00184,KEPPRA,,,
00187,OPHTHALMIC DROPS,,,
00560,ADRENALIN,,,
00597,ADVIL,,,
00645,AFRIN,,,
00785,ALCAINE,,,
00790,ALCOHOL,,,
00800,ALCOHOL ISOPROPYL,,,
00805,ALCOHOL RUBBING,,,
00825,ALDACTAZIDE,,,
00830,ALDACTONE,,,
00880,ALKA-SELTZER,,,
00980,ALLERGY RELIEF OR SHOTS,,,
01001,CLARITIN D,,,
01002,NEXIUM,,,
01003,ANAPROX DS,,,
01007,TIKOSYN,,,
01008,ZONEGRAN,,,
01012,BUDESONIDE,,,
01017,BACTRIM DS,,,
01018,MONSEL'S SOLUTION,,,
01020,OPTIVAR,,,
01022,METOPROLOL TARTRATE,,,
01024,RABAVERT,,,
01029,EFFEXOR XR,,,
01030,ALLOPURINOL,,,
01032,TPA,,,
01034,ADVAIR DISKUS,,,
01036,GEODON,,,
01037,GLUCOTROL XL,,,
01038,HALDOL DECANOATE,,,
01041,RABEPRAZOLE SODIUM,,,
01042,REPAGLINIDE,,,
01043,ZIPRASIDONE HCL,,,
01044,Z-PAK,,,
01047,IRBESARTAN,,,
01050,TOLTERODINE TARTRATE,,,
01055,ORAPRED,,,
01057,DETROL LA,,,
01062,RHINOCORT AQUA,,,
01064,WELLBUTRIN SR,,,
01073,MAXALT-MLT,,,
01076,STARLIX,,,
01082,BENZACLIN,,,
01084,LUMIGAN,,,
01086,MSM,,,
01087,PROTOPIC,,,
01093,BOTOX,,,
01094,CARDIZEM CD,,,
01096,CLINDAGEL,,,
01104,LOESTRIN FE,,,
01106,LUTEIN,,,
01109,SPIRULINA,,,
01111,TRAVATAN,,,
01112,TRI-ESTROGEN,,,
01840,ANASPAZ,,,
01860,ANBESOL,,,
01865,ANCEF,,,
01975,ANECTINE,,,
01983,ANESTHETIC,,,
02013,BENICAR,,,
02016,CLARINEX,,,
02018,FOCALIN,,,
02019,FORADIL AEROLIZER,,,
02026,YASMIN,,,
02027,GLUCAGEN,,,
02031,ELIDEL CREAM,,,
02037,LEVETIRACETAM,,,
02042,DUONEB,,,
02047,AUGMENTIN ES,,,
02054,TRIMETHOPRIM SULFATE/POLYMYXIN B SULFAT,,,
02061,GUAIFENESIN/PSEUDOEPHEDRINE,,,
02065,TNKASE,,,
02074,LUPRON,,,
02076,MAPAP,,,
02077,MEROPENEM,,,
02079,NITROGLYCERIN SUBLINGUAL,,,
02080,ANTACID,,,
02081,PONARIS,,,
02083,UNITHROID,,,
02087,SOAPSUDS ENEMA,,,
02089,TENECTEPLASE,,,
02092,MUPIROCIN CALCIUM OINTMENT,,,
02093,OATMEAL BATH,,,
02099,DEPAKOTE ER,,,
02102,GATIFLOXACIN,,,
02103,LEVALBUTEROL HCL,,,
02104,MAGNESIUM HYDROXIDE,,,
02107,ZALEPLON,,,
02117,PLAN B,,,
02119,LEXAPRO,,,
02120,ANTHRALIN,,,
02125,ANTIACID,,,
02127,BANANA BAG,,,
02128,BENZONATATE,,,
02129,CLORAZEPATE DIPOTASSIUM,,,
02131,ESOMEPRAZOLE MAGNESIUM,,,
02137,ZYPREXA ZYDIS,,,
02138,MAALOX W/ VISCOUS LIDOCAINE,,,
02140,THIAMINE HCL,,,
02146,ADOXA,,,
02148,SOLARAZE,,,
02152,KENALOG/LIDOCAINE,,,
02156,GLEEVEC,,,
02158,ANTIBIOTIC AGENT,,,
02165,ANTICOAGULANT,,,
02982,ATROVENT,,,
02987,AUGMENTIN 125,,,
03001,VAQTA,,,
03002,AVODART,,,
03012,DEPAKOTE SPRINKLE,,,
03029,ORACIT,,,
03039,IMODIUM A-D,,,
03048,RELPAX,,,
03050,AVEENO,,,
03056,CITROMA,,,
03057,MEGESTROL ACETATE,,,
03068,LEXAPRIL,,,
03069,NYSTOP,,,
03079,CROFAB,,,
03080,STRATTERA,,,
03081,AMOXICILLIN AND CLAVULANATE POTASSIUM,,,
03091,AZELASTINE HCL,,,
03099,CILOSTAZOL,,,
03102,FOLGARD,,,
03104,METROCREAM,,,
03109,AUGMENTIN XR,,,
03113,AYGESTIN,,,
03115,AYR SALINE MIST,,,
03117,AZACTAM,,,
03122,GINGER,,,
03123,AZATHIOPRINE,,,
03127,CARDIZEM LA,,,
03129,DIPROLENE AF,,,
03131,DUAC,,,
03132,FINACEA,,,
03134,RESTASIS,,,
03139,HECTOROL,,,
03141,LISINOPRIL/HCTZ,,,
03142,NIFEDIPINE ER,,,
03148,AVIANE,,,
03152,INTENSOL,,,
03156,BUPROPION SR,,,
03157,EPA/DHA ESSENTIALS,,,
03174,CARBONYL IRON,,,
03177,CALCARB 600,,,
03180,LEVITRA,,,
03181,METAGLIP,,,
03183,TUMS E-X,,,
03184,WELLBUTRIN XL,,,
03185,XANAX XR,,,
03187,CRESTOR,,,
03188,MUCINEX,,,
03189,ORTHO-TRICYCLEN LO,,,
03192,VIGAMOX,,,
03194,AVAR,,,
03201,MEMANTINE,,,
03208,ALAVERT,,,
4000,BENTYL,,,
4002,CALCIUM-MAGNESIUM-ZINC SUPPLEMENT,,,
04011,NAMENDA,,,
04014,ARIPIPRAZOLE,,,
04016,AZO CRANBERRY,,,
04023,BISOPROLOL/HCTZ,,,
04029,CEROVITE TABLETS,,,
04033,CHELATED MAGNESIUM,,,
04040,BENZEDREX INHALER,,,
04041,ALBUTEROL/ATROVENT,,,
04042,SPIRIVA,,,
04044,CIPROFLOXACIN EYE SOLUTION,,,
04050,BENZO MENTH,,,
04051,CYMBALTA,,,
04055,DESLORATADINE,,,
04059,DOCUSATE -SENNA,,,
04061,ENEMEEZ,,,
04067,FIBER TABLETS,,,
04068,XOLAIR,,,
04070,BENZOIN,,,
04071,FORTEO,,,
04072,NASAL SALINE,,,
04077,GERI-LANTA,,,
04079,GLYCOLAX,,,
04088,BENZOYL PEROXIDE,,,
04092,EYE-VITE,,,
04093,JUVEN,,,
04096,LEMON DROPS,,,
04098,L-GLUTAMINE,,,
04114,VYTORIN,,,
04120,BETADINE,,,
04127,MYTAB GAS,,,
04136,NOVOLOG MIX 70/30,,,
04138,UROXATRAL,,,
04143,CATAPRES-TTS-1,,,
04146,EZETIMIBE,,,
04148,PROSOURCE PROTEIN SUPPLEMENT,,,
04158,LACTASE ENZYME,,,
04168,REFRESH TEARS,,,
04170,BETAMETHASONE,,,
04174,ROBAFEN,,,
04175,METFORMIN HYDROCHLORIDE ER,,,
04176,SENNA-S,,,
04190,BETHANECHOL,,,
04193,PROSIGHT LUTEIN,,,
04196,CADUET,,,
04204,CARMEX,,,
04211,CITRUS CALCIUM,,,
04212,COENZYME (UNSPECIFIED),,,
04235,BICILLIN,,,
04243,FIBER TAB,,,
04589,TIOTROPIUM BROMIDE,,,
04595,BORIC ACID,,,
04606,RESTYLANE,,,
04611,DOCETAXEL,,,
04612,IRON SUCROSE,,,
04614,CRYSELLE,,,
04617,ACCUNEB,,,
04622,EXEMESTANE,,,
04627,TRAVOPROST,,,
04649,MYFORTIC,,,
04652,RISEDRONATE SODIUM,,,
04654,TRACLEER,,,
04659,GALANTAMINE,,,
04664,MIRENA,,,
04665,BREVITAL,,,
04674,NATEGLINIDE,,,
04679,STATINS,,,
04680,MAGNOX,,,
04803,BROMFED,,,
04808,BROMOCRIPTINE,,,
04845,BROMPHENIRAMINE,,,
04873,BRONCHODILATOR,,,
05007,CLINDESSE,,,
05012,PRESERVISION,,,
05014,SALEX,,,
05024,BUMEX,,,
05033,LUNESTA,,,
05035,BUPIVACAINE,,,
05043,BURN OINTMENT,,,
05050,PHYTOSTEROLS,,,
05051,VESICARE,,,
05054,SUBUTEX,,,
05056,ZEGERID,,,
05066,CAMPRAL,,,
05070,BUTABARBITAL,,,
05071,TARCEVA,,,
05072,BONIVA,,,
05079,HOMOCYSTEINE FACTORS,,,
05082,PREGNENOLONE,,,
05095,BUTALBITAL,,,
05097,LYRICA,,,
05099,CLOTRIMAZOLE-BETAMETHASONE DIPROPRIONAT,,,
05102,CHOLEST-OFF,,,
05103,BUTALBITAL W/CODEINE,,,
05106,GLIPIZIDE ER,,,
05117,FLOXACILLIN,,,
05124,ENPRESSE,,,
05127,MONONESSA,,,
05141,AVASTATIN,,,
05143,ROSE HIP VITAMIN C,,,
05147,PROTON-PUMP INHIBITOR,,,
06001,ALAVERT D,,,
06002,AMBIEN CR,,,
06004,FOCALIN XR,,,
06005,CELESTONE,,,
06017,AMLODIPINE/BENAZEPRIL,,,
06038,AMITIZA,,,
06057,NATTOKINASE,,,
06064,GLYBURIDE/METFORMIN,,,
06066,LIP BALM,,,
06068,ANASTROZOLE,,,
06071,IMATINIB,,,
06074,ZOLEDRONIC ACID,,,
06077,IVIG,,,
06089,XIFAXAN,,,
06092,ACETADOTE,,,
06093,TACLONEX,,,
06100,CENTRUM,,,
06104,DARIFENACIN,,,
06108,GARDASIL,,,
06109,YAZ,,,
06115,CEPACOL ANESTHETIC TROCHE,,,
06116,ZYLET,,,
06118,AZILECT,,,
06121,RANEXA,,,
06122,RIFAXIMIN,,,
06125,CEPHALEXIN,,,
06129,ADACEL,,,
06138,BOOSTRIX,,,
06144,PROQUAD,,,
06153,DEXPAK,,,
06161,EZETIMIBE & SIMVASTATIN,,,
06162,CEFUROXIME,,,
06164,LEVEMIR,,,
06166,ALFUZOSIN,,,
06169,PRASTERONE,,,
06172,DAYTRANA,,,
06173,ROTATEQ,,,
06176,OLOPATADINE,,,
06180,CETACAINE,,,
06182,TYSABRI,,,
06186,TOBRAMYCIN W/DEXAMETHASONE,,,
06191,ATOPICLAIR,,,
06192,CHANTIX,,,
06193,JANUVIA,,,
06194,REVATIO,,,
06196,SOLODYN,,,
06202,RIVASTIGMINE,,,
06212,CLARINEX-D,,,
06219,DESOGESTREL,,,
06229,DAPTOMYCIN,,,
06237,CERAVE,,,
06242,LEVSIN/SL,,,
07093,DESONATE,,,
07094,TOBRASOL,,,
07096,FLUTICASONE PROPIONATE,,,
07106,CINNAMON,,,
07110,COCAINE,,,
07133,LUCENTIS,,,
07141,ZOSTAVAX,,,
07144,PROAIR HFA,,,
07150,COD LIVER OIL,,,
07166,DERMOTIC OIL,,,
07167,SEASONIQUE,,,
07168,ALCORTIN,,,
07170,BENAZEPRIL-HYDROCHLOROTHIAZIDE,,,
07171,LAMISIL AT,,,
07177,FLORA-Q,,,
07180,CODEINE,,,
07182,PATADAY,,,
07183,JANUMET,,,
07190,CODEINE SULFATE,,,
07199,SILICONE GEL,,,
07206,PEPCID COMPLETE,,,
07209,VIVITROL,,,
07218,GLUMETZA,,,
07228,THERA-M,,,
07232,LUTERA,,,
07235,SYMAX DUOTAB,,,
07237,DEPLIN,,,
07239,ICAPS AREDS,,,
07241,DILOTAB,,,
07250,COGENTIN,,,
07251,PERCOCET 10,,,
07252,PERCOCET 7.5,,,
07257,VERAMYST,,,
07265,COLACE,,,
07266, RENA-VITE NORETHINDRONE,,,
07275,COLCHICINE,,,
07282,TACTINAL,,,
07284,NEUPRO,,,
07289,ZIANA,,,
07312,FERROCITE,,,
07315,COLESTID,,,
07318,HYDROPHOR,,,
07332,POLYVINYL ALCOHOL,,,
07337,RACEPINEPHRINE,,,
07352,TRAVATAN Z,,,
07357,MICROKLENZ,,,
07361,CAVILON EMOLLIENT,,,
07363,CAPSICUM OLEORESIN,,,
07366,VITAMIN D3,,,
07387,CINACALCET,,,
07388,ENDOMENTRIN,,,
07389,ENTECAVIR,,,
08047,LIALDA,,,
08058,PRENATAL,,,
08066,IOHEXOL,,,
08067,BICARB,,,
08074,PIPERACILLIN TAZOBACTAM,,,
08077,ESOMEPRAZOLE,,,
08082,BOSWELLIN,,,
08084,LIDOGEL,,,
08089,METOPROLOL/HYDROCHLOROTHIAZIDE,,,
08090,CYANOCOBALAMIN,,,
08097,EMTRICITABINE/TENOFOVIR,,,
08124,FIBER CAPSULES,,,
08137,BALSALAZIDE,,,
08140,CYCLOGYL,,,
08147,MICRO-K,,,
08149,ADVAIR,,,
08151,FLECTOR,,,
08156,DIVIGEL,,,
08157,COMBIGAN,,,
08161,ROSUVASTATIN,,,
08165,ACULAR,,,
08166,ZYDIS,,,
08169,CORTISPORIN TC OTIC,,,
08171,AMINOLEVULINIC ACID,,,
08174,ERYTHROMYCIN BENZOYL PEROXIDE,,,
08180,CYPROHEPTADINE,,,
08181,DILTIAZEM CD,,,
08191,GLIPIZIDE/METFORMIN,,,
08192,NEOSTRATA LIGHTENING GEL,,,
08194,ALLERTEC,,,
08202,ALBUTEROL/IPRATROPIUM,,,
08204,TADALAFIL,,,
08208,SALINE GARGLES,,,
08209,MUCINEX D,,,
08212,SEROQUEL XR,,,
08217,POMEGRANATE JUICE,,,
08219,SUDOGEST,,,
08222,SALINE LOCK,,,
08224,CITRANATAL,,,
08228,CHLORPHENIRAMINE/ HYDROCODONE,,,
08230,CYTOMEL,,,
08234,PRISTIQ,,,
08243,TRIPLE FLEX,,,
08249,PATANASE,,,
08261,ALVESCO,,,
08264,FLURA DROPS,,,
08272,PHENYLEPHRINE/GUAIFENESIN,,,
08279,PROSTATE MEDICATION,,,
08284,DABIGATRAN,,,
08567,BIOTENE,,,
08580,DECADROL,,,
08585,DECADRON,,,
08590,DECADRON ELIXIR,,,
08591,ISENTRESS,,,
08592,NEBIVOLOL,,,
08595,DECADRON PHOSPHATE,,,
08619,RALTEGRAVIR,,,
08621,NATURE-THROID,,,
08629,CIDOMYCIN,,,
08636,GADOBENATE,,,
08637,IODIXANOL,,,
08639,FULVESTRANT,,,
08663,TAZAROTENE,,,
08667,IBANDRONATE,,,
08670,DECONGESTANT,,,
08678,BRINZOLAMIDE,,,
08688,REGADENOSON,,,
08691,MYOVIEW,,,
08692,MEDIHONEY,,,
08753,DELSYM,,,
08770,DELTASONE,,,
08835,DEPAKENE,,,
08836,DEPAKOTE,,,
08865,DEPO-MEDROL,,,
08870,DEPO-PROVERA,,,
08880,DEPO-TESTOSTERONE,,,
09002,CONTRAST,,,
09010,DESENEX,,,
09020,DESIPRAMINE,,,
09025,DESITIN,,,
09033,DESOWEN,,,
09038,TOPICAL SKIN CREAM,,,
09075,DEXAMETHASONE,,,
09077,GADOLINIUM,,,
09080,DEXAMETHASONE ACETATE,,,
09090,DEXAMETHASONE SODIUM,,,
09093,WOUND CLEANSER,,,
09095,DEXAMETHASONE SODIUM PHOSPHATE,,,
09098,OCP,,,
09108,DTAP-POLIO,,,
09109,PREVIDENT,,,
09118,DEXCHLORPHENIRAMINE,,,
09120,DEXEDRINE,,,
09122,ULORIC,,,
09128,BIAFINE,,,
09137,PIMECROLIMUS,,,
09140,APPLE CIDER VINEGAR,,,
09149,INSULIN R,,,
09151,STEROID,,,
09157,CELLULOSE OXIDIDE,,,
09168,TRIESENCE,,,
09392,LET GEL,,,
09396,INTUNIV,,,
09418,MAALOX ADVANCED MAXIMUM STRENGTH,,,
09432,EFLORNITHINE,,,
09433,DICLOXACILLIN,,,
09438,OMEGA 3/6/9,,,
09449,VECTICAL,,,
09455,DICYCLOMINE,,,
09469,RENAL MEDS,,,
09472,MAALOX EXTRA STRENGTH,,,
09481,MENTHOL/METHYL SALICYLATE,,,
09504,THROMBIN,,,
09505,TRI-SPRINTEC,,,
09545,DIGOXIN,,,
09551,POSIFLUSH,,,
09554,TETRAVISC,,,
09562,DEXTROMETHORPHAN/GUAIFENSIN,,,
09571,NIACIN CR,,,
09576,POTASSIUM CITRATE,,,
09577,NYQUIL,,,
09579,DESOGESTREL ETHINYL-ESTRADIOL,,,
09582,OXYCODONE CR,,,
09583,LANTUS SOLOSTAR,,,
09585,DILANTIN,,,
09587,BUPROPION XL,,,
09589,PROPRANOLOL ER,,,
09597,KINRIX,,,
09598,EYE LUBRICANT,,,
09600,DILAUDID,,,
09601,RENVELA,,,
09603,RAMELTEON,,,
09608,ALLERCLEAR,,,
09609,DOFETILIDE,,,
09614,ZOLPIDEM,,,
09618,ASTEPRO,,,
09619,TELMISARTAN/HCTZ,,,
09622,CORDAN,,,
09624,CLOBETASOL PROPIONATE,,,
09626,JUNEL,,,
09628,JOLIVETTE,,,
09644,PREVIFEM,,,
09645,EPIDUO,,,
09648,RELISTOR,,,
09651,ACETAMINOPHEN-TRAMADOL,,,
09652,TRILIPIX,,,
09655,IV FLUIDS,,,
09657,LIDOCAINE/TETRACAINE,,,
09664,CRYSTALLOID,,,
09667,DEXMEDETOMIDINE,,,
09669,XYLOCAINE-MPF,,,
09673,HYDROXYPROPYL,,,
09910,VIMPAT,,,
09914,EAR WAX REMOVAL,,,
09920,DIPYRIDAMOLE,,,
09921,TRIMEDAL,,,
09931,ETHINYL ESTRADIOL/LEVONORGESTREL,,,
09937,SRONYX,,,
09944,RANOLAZINE,,,
09951,IV ANTIBIOTICS,,,
09952,ABIRATERONE,,,
09954,DIVALPROEX,,,
09957,ALAWAY EYE DROPS,,,
09958,RIVAROXABAN,,,
09959,PREP FOR COLONOSCOPY,,,
09964,DIASTAT ACUDIAL,,,
09968,APRISO,,,
09974,BOTULINUM,,,
09975,DISULFIRAM,,,
09979,SODIUM POLYSTYRENE SULFONATE,,,
09995,DITROPAN,,,
10004,LUBRICANT DROPS,,,
10006,DYSPORT,,,
10016,TRI-PREVIFEM,,,
10020,DIURETIC,,,
10025,DIURIL,,,
10026,GLUCOSAMINE AND CHONDROITIN W MSM,,,
10028,INVEGA SUSTENNA,,,
10049,DENTAL NERVE BLOCK,,,
10055,DOBUTREX,,,
10061,ZENPEP,,,
10064,UBIQUINONE,,,
10083,MYLANTA DS,,,
10087,DOCUSATE,,,
10089,DOCUSATE CALCIUM,,,
10092,IPV,,,
10103,HIBERIX,,,
10109,ZIPSOR,,,
10121,DULERA,,,
10123,VICTOZA,,,
10130,DOLOPHINE,,,
10135,DEXILANT,,,
10144,SALT SOLUTION,,,
10153,IODOPHOR,,,
10157,MINERAL OIL ENEMA,,,
10166,BUPRENORPHINE-NALOXONE,,,
10169,MCV4,,,
10179,CLINDAMYCIN/BENZOYL GEL,,,
10181,LISDEXAMFETAMINE,,,
10189,RETROBULBAR BLOCK,,,
10192,SALINE FLUSH,,,
10204,BUTALBITAL-ACETAMINOPHEN,,,
10206,GAVILYTE-N,,,
10446,BUTAMBEN-TETRACAINE-BENZOCAINE,,,
10452,ANTIHYPERGLYCEMICS,,,
10466,AZELAIC ACID,,,
10471,ZYMAXID,,,
10478,VIMOVO,,,
10479,SAXAGLIPTIN,,,
10496,PROHANCE,,,
10500,DROPERIDOL,,,
10509,COLCRYS,,,
10511,ALPHANATE,,,
10518,DRYSOL,,,
10521,PHILLIPS COLON HEALTH,,,
10522,LURIDE CHEWABLE,,,
10526,INSULIN ISOPHANE AND REGULAR,,,
10532,DUTASTERIDE/TAMSULOSIN,,,
10575,DULCOLAX,,,
10800,DURICEF,,,
10815,DYAZIDE,,,
10905,E-MYCIN,,,
10925,EAR DROPS,,,
10975,ECOTRIN,,,
11009,TWYNSTA,,,
11012,INCONTINENCE MEDICATION,,,
11014,PENNSAID,,,
11016,MOXEZA,,,
11023,BEYAZ,,,
11025,EFUDEX,,,
11030,VELTIN,,,
11031,MACA EXTRACT,,,
11035,CAMBIA,,,
11042,TEAR PM,,,
11051,LIVALO,,,
11054,BENADRYL/W MAALOX,,,
11065,ELAVIL,,,
11066,XGEVA,,,
11071,DIFLUPREDNATE,,,
11098,ADCIRCA,,,
11100,ELDERTONIC ELIXIR,,,
11101,LACRISERT,,,
11121,TAPENTADOL,,,
11123,TRILYTE,,,
11128,PROLIA,,,
11130,ELECTROLYTE,,,
11141,L-METHYLFOLATE,,,
11142,LATUDA,,,
11143,VIIBRYD,,,
11152,ELOCON,,,
11154,EDARBI,,,
11167,GUAR GUM,,,
11171,DEFINITY,,,
11172,OPTISON,,,
11945,EUCERIN,,,
12000,MERREM,,,
12003,ADAPALENE-BENZOYL PEROXIDE,,,
12006,MICROGESTIN,,,
12007,MIDAZOLAM,,,
12009,ALENDRONATE,,,
12011,NEXPLANON,,,
12013,NICOTINE PATCH,,,
012016,NORETHINDRONE,,,
12017,NORGESTREL/ETHINYL ESTRADIOL,,,
12021,AMLODIPINE/VALSARTAN,,,
12022,OGESTREL,,,
12023,ORAPRED ODT,,,
12024,AMETHIA,,,
12028,OXYCODONE,,,
12029,OXYBUTYNIN,,,
12031,OXYMETAZOLINE,,,
12033,PAIN MEDICATIONS,,,
12034,PANTOPRAZOLE,,,
12036,PARAGARD,,,
12042,ASPIR 81,,,
12044,PEN-VK,,,
12046,PERCOCET,,,
12047,ATRALIN,,,
12051,AZELASTINE-FLUTICASONE,,,
12054,POLIO VACCINE,,,
12056,POLYMYXIN B-TRIMETHOPRIM,,,
12057,TUBERCULIN PURIFIED PROTEIN DERIVATIVE,,,
12058,BAKING SODA,,,
12060,BENZOCAINE/DEXTROMETHORPHAN,,,
12062,BIRTH CONTROL PILLS,,,
12064,BROMFENAC,,,
12065,CAPTOPRIL/HYDRO-CHLOROTHIAZIDE,,,
12071,CHERATUSSIN AC,,,
12077,PROBIOTIC,,,
12081,PROCTOSOL HC,,,
12082,PROMETHAZINE DM,,,
12084,CLOBEX,,,
12088,ROBITUSSIN DM,,,
12090,ROMYCIN,,,
12092,RONDEC DM,,,
12096,SALINE MIST,,,
12101,SELENIUM SULFIDE,,,
12102,SIMPLY SALINE,,,
12104,SINUS RINSE,,,
12106,SYSTANE ULTRA,,,
12107,SYNVISC-ONE,,,
12108,DILTIAZEM ER,,,
12112,TRADJENTA,,,
12113,ENGERIX-B PEDIATRIC,,,
12116,FESOTERODINE,,,
12304,ORSYTHIA,,,
12316,JENTADUETO,,,
12318,MYRBETRIQ,,,
12324,PICATO,,,
12327,SYEDA,,,
12342,BRILINTA,,,
12343,CALMME,,,
12361,PYCNOGENOL,,,
12368,EFFER-K,,,
12371,SIMPONI,,,
12393,FOLPLEX,,,
12396,LINAGLIPTIN,,,
12402,NUEDEXTA,,,
12411,VILAZODONE,,,
12413,AFLURIA,,,
12440,BENLYSTA,,,
12452,NOXAFIL,,,
12465,FERROUS FUMARATE,,,
12471,REGORAFENIB,,,
12477,ARFORMOTEROL,,,
12479,CYANOACRYLATE,,,
12480,FERROUS GLUCONATE,,,
12482,GADAVIST,,,
12484,PENTAFLUOROPROPANE/TETRAFLUOROETHANE,,,
12490,FERROUS SULFATE,,,
12521,FIBERCON,,,
12550,FIORINAL,,,
12585,FLAGYL,,,
12620,FLEET ENEMA,,,
12635,FLEXERIL,,,
12690,FLUOCINOLONE,,,
12710,FLUOR-I-STRIP,,,
12715,FLUORESCEIN,,,
12735,FLUORIDE,,,
12740,FLUORIDENT,,,
12755,FLUORITAB,,,
12763,FLUOROMETHOLONE,,,
12765,FLUOROPLEX,,,
12770,FLUOROURACIL,,,
12780,FLUPHENAZINE,,,
12793,FLURANDRENOLIDE,,,
12815,FLURESS,,,
12830,FLUZONE,,,
12835,"FLUZONE-TRIVALENT TYPE A,B",,,
12865,FOLIC ACID,,,
12880,FOLVITE,,,
12967,FORTAZ,,,
13001,ALYACEN,,,
13002,AMLODIPINE/OLMESARTAN,,,
13003,CANDESARTAN-HYDROCHLOROTHIAZIDE,,,
13515,GINSENG,,,
13535,GLUCAGON,,,
13550,GLUCOSE,,,
13553,GLUCOTROL,,,
13590,GLUTOSE,,,
13595,GLY-OXIDE,,,
13655,GLYCOPYRROLATE,,,
13785,GRIFULVIN,,,
13800,GRISEOFULVIN,,,
13830,GUAIFENESIN & DEXTROMETHORPHAN HBR,,,
13835,GUAIFENESIN,,,
13838,GUAIFENESIN W/CODEINE,,,
13999,HALCION,,,
14000,HALDOL,,,
14002,APIXABAN,,,
14004,CANAGLIFLOZIN,,,
14006,GADOBUTROL,,,
14008,ANORO ELLIPTA,,,
14009,AVIDOXY,,,
14013,BREO ELLIPTA,,,
14014,ACETAMINOPHEN/BUTALBITAL/CAFFEINE,,,
14016,CALCIUM CARBONATE/MAGNESIUM CARBONATE,,,
14018,FETZIMA,,,
14019,IMBRUVICA,,,
14022,OSENI,,,
14023,OTEZLA,,,
14031,ADRENACLICK,,,
14035,HALOG,,,
14039,ANECREAM,,,
14040,HALOPERIDOL,,,
14042,APTIOM,,,
14047,AUBRA,,,
14074,CURCUMAX PRO,,,
14076,DAPAGLIFLOZIN,,,
14082,DUTOPROL,,,
14086,FABIOR,,,
14087,FARXIGA,,,
14093,GAVILAX,,,
14098,GRIPE WATER,,,
14102,JARDIANCE,,,
14103,JUBLIA,,,
14107,LUDENT,,,
15005,HYDROMORPHONE,,,
15013,BERBERINE,,,
15019,GLYXAMBI,,,
15022,MOVANTIK,,,
15024,ORKAMBI,,,
15025,HYDROPHILIC OINTMENT,,,
15026,XULANE,,,
15031,DUAVEE,,,
16017,TROKENDI XR,,,
16018,TRULICITY,,,
16020,ISOPROPYL ALCOHOL,,,
16021,MIMVEY,,,
16026,ARISTADA,,,
16027,BELSOMRA,,,
16038,PAZEO,,,
16039,REXULTI,,,
16044,SULFACLEANSE,,,
16046,TRUMENBA,,,
16048,VORTIOXETINE,,,
16051,VELTASSA,,,
16054,REPATHA,,,
16059,ELUXADOLINE,,,
16061,ENTRESTO,,,
16062,IVABRADINE,,,
16071,ALIROCUMAB,,,
16074,NEUTRASAL,,,
16076,INSULIN DEGLUDEC,,,
16077,VRAYLAR,,,
16084,PALBOCICLIB,,,
16087,XIIDRA,,,
16088,PREZCOBIX,,,
16089,KCENTRA,,,
16090,ISOPTO TEARS,,,
16092,XENON,,,
16094,INVOKAMET,,,
16095,ISORDIL,,,
16104,INSULIN LISPRO,,,
16105,ISOSORBIDE,,,
16106,ALOGLIPTIN,,,
16108,FLUTICASONE FUROATE,,,
16111,OTOVEL,,,
16112,EUCRISA,,,
16113,NUPLAZID,,,
16114,STIOLTO RESPIMAT,,,
16118,KEYTRUDA,,,
16122,NAMZARIC,,,
16123,DUPIXENT,,,
16124,LACTOBACILLUS RHAMNOSUS,,,
16126,NEO-SYNEPHRINE OPHTHALMIC SOLUTION,,,
16128,TRULANCE,,,
16134,OPTICAINE,,,
16136,AMPICILLIN/SULBACTAM,,,
16139,SACUBITRIL/VALSARTAN,,,
16141,TETANUS-DIPTHERIA TOXOIDS-TD,,,
16146,DEPADE,,,
16147,EVZIO,,,
16151,SOLIQUA,,,
16153,FLUOROURACIL CREAM,,,
16156,INJECTAFER,,,
16285,ACETAMINOPHEN-DIPHENHYDRAMINE,,,
16286,BONJESTA,,,
16287,RYBIX ODT,,,
16288,DYANAVEL XR,,,
16289,NALTREXONE-BUPROPION,,,
16291,EMGALITY,,,
16292,AJOVY,,,
16293,SEYSARA,,,
16294,BRYHALI,,,
16295,AKTIPAK,,,
16296,RUBRACA,,,
16297,BEXSERO,,,
16298,TUCATINIB,,,
16299,EMPAGLIFLOZIN,,,
16301,TRESIBA,,,
16302,MELODETTA,,,
16303,PRALUENT,,,
16304,LILETTA,,,
16306,MARLISSA,,,
16307,SYMDEKO,,,
16309,JULUCA,,,
16311,VIBERZI,,,
16312,FOSTAMATINIB,,,
16313,ADZENYS XR-ODT,,,
16314,XYOSTED,,,
16316,BEVESPI AEROSPHERE,,,
16317,OFEV,,,
16318,VYLEESI,,,
16319,IMVEXXY,,,
16321,ONZETRA XSAIL,,,
16322,OCREVUS,,,
16335,KAOLIN,,,
16365,KAOPECTATE,,,
16455,KAYEXALATE,,,
16475,KEFLEX,,,
16485,KEFZOL,,,
16505,KENALOG,,,
16585,KETALAR,,,
16590,KETAMINE,,,
16605,KETOSTIX,,,
16645,KINEVAC,,,
16650,KLARON,,,
16710,KLOR-CON,,,
16895,L-THYROXINE,,,
16915,LACRI-LUBE,,,
16940,LACTIC ACID,,,
16950,LACTINEX,,,
16955,LACTOBACILLUS ACIDOPHILUS,,,
16975,LACTULOSE,,,
17070,LANOLIN,,,
17115,LANOXIN,,,
17165,LASIX,,,
18820,MERCAPTOPURINE,,,
18920,MESTINON,,,
18930,METAMUCIL,,,
18985,METHADONE,,,
19035,METHENAMINE,,,
19040,METHENAMINE MANDELATE,,,
19045,METHERGINE,,,
19055,METHIONINE,,,
19070,METHOCARBAMOL,,,
19090,METHOTREXATE,,,
19130,METHYL SALICYLATE,,,
19140,METHYLCELLULOSE,,,
19155,METHYLDOPA,,,
19175,METHYLPHENIDATE,,,
19180,METHYLPREDNISOLONE,,,
19208,METOCLOPRAMIDE,,,
19210,METOLAZONE,,,
19218,METOPROLOL,,,
19233,METRONIDAZOLE,,,
19242,MEVACOR,,,
19280,MICATIN,,,
19290,MICONAZOLE,,,
19320,MICRONOR,,,
19360,MIDRIN,,,
19445,MINERAL OIL,,,
19455,MINIPRESS,,,
19460,MINOCIN,,,
19465,MINOCYCLINE,,,
19478,MINOXIDIL,,,
19635,MICONAZOLE NITRATE,,,
19650,MORPHINE,,,
19675,MOTRIN,,,
19699,MS CONTIN,,,
19715,MUCOMYST,,,
19825,MULTIPLE VITAMINS,,,
19840,MULTIVITAMIN,,,
19853,MULTIVITAMIN/FLUORIDE,,,
19948,MUSCLE RELAXANT,,,
20010,MYCELEX,,,
20060,MYCOSTATIN,,,
20065,MYDFRIN,,,
20075,MYDRIACYL,,,
20080,MYLANTA,,,
20095,MYLICON,,,
20135,MYSOLINE,,,
20175,NAFCILLIN,,,
20255,NAPHAZOLINE,,,
20260,NAPHCON,,,
20285,NAPROSYN,,,
20290,NAPROXEN,,,
20310,NARCAN,,,
20325,NASAL DECONGESTANT,,,
23228,PENICILLIN V POTASSIUM,,,
23230,PENICILLIN VK,,,
23340,PEPPERMINT OIL,,,
23355,PEPSIN,,,
23370,PEPTO-BISMOL,,,
23385,PERCOCET-5,,,
23400,PERCOGESIC,,,
23430,PERI-COLACE,,,
23440,PERIACTIN,,,
23523,PERPHENAZINE,,,
23535,PERSANTINE,,,
23585,PETROLATUM,,,
23680,PHENAPHEN W/CODEINE,,,
23710,PHENAZODINE,,,
23715,PHENAZOPYRIDINE,,,
23745,PHENDIMETRAZINE,,,
23755,PHENERGAN,,,
23798,PHENERGAN W/CODEINE,,,
23845,PHENOBARBITAL,,,
23905,PHENOBARBITAL SODIUM,,,
23935,PHENOL,,,
23970,PHENTERMINE,,,
24015,PHENYLEPHRINE,,,
24045,PHENYTOIN,,,
24175,PHYTONADIONE,,,
24190,PILOCAR,,,
24195,PILOCARPINE,,,
24260,PITRESSIN,,,
24300,PLAQUENIL,,,
24310,PLASMA-LYTE,,,
24365,PODOPHYLLIN,,,
24420,POLY-VI-SOL,,,
24470,POLYMYXIN,,,
24555,PONTOCAINE,,,
24590,POT CHLOR,,,
24653,POTASSIUM CHLORIDE,,,
24685,UROCIT-K,,,
24695,POTASSIUM GLUCONATE,,,
24710,POTASSIUM IODIDE,,,
24730,POTASSIUM PHOSPHATE,,,
24760,POVIDINE,,,
24805,PRAZOSIN,,,
24850,PRED FORTE,,,
24885,PREDNISOLONE,,,
24890,PREDNISONE,,,
24950,PREMARIN,,,
24960,PREMARIN VAGINAL,,,
25055,PRIMIDONE,,,
25078,PRINIVIL,,,
25150,PROBENECID,,,
25155,PROBENECID W/COLCHICINE,,,
25213,PROCARDIA,,,
25220,PROCHLORPERAZINE,,,
27730,SELSUN,,,
27749,SENEXON,,,
27770,SENNA,,,
27785,SENOKOT,,,
27795,SENOKOT S,,,
27816,SENSORCAINE,,,
27835,SEPTRA,,,
27840,SEPTRA DS,,,
27855,SERAX,,,
27948,SHUR-SEAL GEL,,,
27985,SILVADENE,,,
27995,SILVER NITRATE,,,
28015,SILVER SULFADIAZINE,,,
28030,SIMETHICONE,,,
28080,SINEMET,,,
28085,SINEQUAN,,,
28350,SKELAXIN,,,
28358,SKIN PREPARATION,,,
28391,SLOW-MAG,,,
28435,SODIUM ACETATE,,,
28455,SODIUM BICARBONATE,,,
28460,SODIUM BIPHOSPHATE,,,
28495,SODIUM CHLORIDE,,,
28575,SODIUM CITRATE,,,
28595,SODIUM FLUORIDE,,,
28610,SODIUM HYPOCHLORITE,,,
28665,SODIUM PHOSPHATE,,,
28670,SODIUM PHOSPHATE & BIPHOSPHATE,,,
28680,SODIUM SUCCINATE,,,
28683,SODIUM SULFACETAMIDE OPHTH,,,
28790,SOLU-CORTEF,,,
28800,SOLU-MEDROL,,,
28825,SOMA,,,
28910,SORBITOL,,,
28965,SOYBEAN OIL,,,
29250,SPIRONOLACTONE,,,
29255,SPIRONOLACTONE W/HYDROCHLOROTHIAZIDE,,,
29285,STADOL,,,
29498,STEROID(S),,,
29533,STOOL SOFTENER,,,
29645,SUBLIMAZE,,,
29660,SUCCINYLCHOLINE,,,
29695,SUCROSE,,,
29705,SUDAFED,,,
29825,SULFADIAZINE,,,
29840,SULFAMETHOXAZOLE,,,
29865,SULFASALAZINE,,,
29888,SULFATRIM,,,
29900,SULFISOXAZOLE,,,
29998,SULINDAC,,,
32310,TRICHLOROACETIC ACID,,,
32353,TRIDIL,,,
32363,TRIFLUOPERAZINE,,,
32395,TRILAFON,,,
32430,TRIMOX,,,
32433,TRIMPEX,,,
32438,TRIMETHOPRIM,,,
32515,TRIPLE ANTIBIOTIC,,,
32658,TROPICAMIDE,,,
32695,TUBERSOL,,,
32710,TUCKS,,,
32735,TUMS,,,
32905,TYLENOL,,,
32920,TYLENOL NO. 3,,,
32925,TYLENOL NO. 4,,,
32930,TYLENOL W/CODEINE,,,
33170,UNISOM,,,
33215,UREA,,,
33225,URECHOLINE,,,
33448,VACCINATION,,,
33530,VALERIAN,,,
33550,VALISONE,,,
33555,VALIUM,,,
33573,VALPROIC ACID,,,
33580,VANCOCIN,,,
33585,VANCOCIN HCL,,,
33588,VANCOMYCIN,,,
33625,VAPONEFRIN,,,
33670,VASELINE,,,
33675,VASELINE GAUZE,,,
33677,VASERETIC,,,
33780,VEETIDS,,,
33843,VENTOLIN,,,
33858,VERAPAMIL,,,
33895,VERMOX,,,
34085,VIBRA,,,
34090,VIBRAMYCIN,,,
34110,VICODIN,,,
34248,VIROPTIC,,,
34260,VISINE,,,
34270,VISTARIL,,,
34360,VITAMIN A,,,
34425,VITAMIN B COMPLEX,,,
34455,VITAMIN B-1,,,
34495,VITAMIN B-12,,,
34505,VITAMIN B-2,,,
34510,VITAMIN B-6,,,
34520,VITAMIN C,,,
34565,VITAMIN D,,,
34575,VITAMIN E,,,
34623,VITAMIN K,,,
34725,VOLTAREN,,,
34755,VYTONE,,,
42985,PROPRANOLOL,,,
60035,ACLOVATE,,,
60040,ADALAT,,,
60115,AUGMENTIN,,,
60120,AUGMENTIN 250,,,
60150,BACITRACIN OPHTHALMIC,,,
60175,BENZAMYCIN,,,
60180,BENZTROPINE MESYLATE,,,
60195,BETAMETHASONE SOD PHOSPHATE,,,
60200,BETAMETHASONE VALERATE,,,
60265,BUPRENEX,,,
60270,BUSPAR,,,
60295,CEFOTAN,,,
60325,CITRUCEL,,,
60370,CORDARONE,,,
60485,DORYX,,,
60550,EYE DROPS,,,
60555,EYE WASH,,,
60565,FENTANYL CITRATE,,,
60595,FIORICET,,,
60640,GENTAMICIN OPHTHALMIC,,,
60665,GLYCERIN,,,
60735,INFLUENZA VIRUS VACC,,,
60765,ISOVUE,,,
60790,KLONOPIN,,,
60795,LACHYDRIN,,,
60800,LACTATED RINGER'S,,,
60835,LOTRISONE,,,
60870,MARINOL,,,
60990,NALBUPHINE HCL,,,
60995,NALOXONE HCL,,,
61025,NICORETTE,,,
61045,NOVOLIN,,,
61080,OMNIPAQUE,,,
61140,PEDIAPRED,,,
61160,PEPCID,,,
61185,PIPERACILLIN,,,
61205,POVIDONE-IODINE,,,
61215,PRIMAXIN,,,
61245,PROPRANOLOL HCL,,,
61295,ROCEPHIN,,,
61385,SULFACETAMIDE SODIUM,,,
61405,TAMBOCOR,,,
61440,TEMOVATE,,,
61480,TOLNAFTATE,,,
61495,TOPICORT,,,
61565,VASOTEC,,,
61570,VERSED,,,
61605,WELLBUTRIN,,,
61625,TRIAMTERENE W/HCTZ,,,
70078,CANNABIS,,,
89004,AMILORIDE HCL W/HCTZ,,,
91072,DILTIAZEM HCL,,,
91074,ENALAPRIL,,,
91078,FLECAINIDE ACETATE,,,
91079,FLUOXETINE,,,
91081,GLIPIZIDE,,,
91084,IPRATROPIUM BROMIDE,,,
91085,KETOCONAZOLE,,,
91086,LEUPROLIDE ACETATE,,,
91088,LOVASTATIN,,,
91089,METHIMAZOLE,,,
91090,MEXILETINE,,,
91091,MISOPROSTOL,,,
91096,OMEPRAZOLE,,,
91099,RANITIDINE,,,
91102,TRETINOIN,,,
91103,IBU,,,
92000,ACCUPRIL,,,
92001,ACETIC ACID W/HC,,,
92002,ACTIDOSE-AQUA,,,
92003,ALTACE,,,
92005,BENYLIN,,,
92006,BIAXIN,,,
92011,CALCIUM ANTACID,,,
92012,CARDURA,,,
92015,CILOXAN,,,
92016,CLOZARIL,,,
92017,CUTIVATE,,,
92018,DESOXIMETASONE,,,
92019,DEXTRAN,,,
92020,DEXTROSE 5%-LACTATED RINGERS,,,
92024,DURAGESIC,,,
92031,FLOXIN,,,
92038,GENTAMICIN SULFATE,,,
92043,HYOSCYAMINE SULFATE,,,
92051,LODINE,,,
92052,LOTENSIN,,,
92059,MURO 128,,,
92061,NASACORT,,,
92063,NEOMYCIN/POLYMYXIN/DEXAMETH,,,
92076,PRAVACHOL,,,
92078,PROCRIT,,,
92085,ROBITUSSIN PEDIATRIC,,,
92087,STERILE WATER,,,
92100,ULTRAVATE,,,
92105,ZOFRAN,,,
92107,BENAZEPRIL,,,
92110,CEFIXIME,,,
92111,CIPROFLOXACIN,,,
92112,CLARITHROMYCIN,,,
92114,CLOMIPHENE,,,
92115,CLOZAPINE,,,
92116,DICLOFENAC,,,
92120,DOXAZOSIN MESYLATE,,,
93101,NASAL SPRAY,,,
93105,NICODERM,,,
93107,NICOTROL,,,
93109,NUTRITIONAL SUPPLEMENT,,,
93113,OCUVITE,,,
93116,ORAGEL,,,
93121,PERIDEX,,,
93127,PROSCAR,,,
93131,REFRESH,,,
93132,RELAFEN,,,
93136,RHOGAM,,,
93141,SEROPHENE,,,
93143,SHUR-CLENS,,,
93144,SLEEPING PILL,,,
93151,SUPPOSITORY,,,
93156,TOPROL XL,,,
93166,VANTIN,,,
93179,ZITHROMAX,,,
93181,ZOCOR,,,
93183,ZOLOFT,,,
93185,ZOSTRIX,,,
93187,NORVASC,,,
93188,NALTREXONE,,,
93193,SERTRALINE,,,
93197,RYTHMOL,,,
93202,CYCLOSPORINE,,,
93203,LABETALOL,,,
93209,ANTIPSYCHOTIC MEDICATION,,,
93210,FIBER SUPPLEMENT,,,
93211,AMIODARONE,,,
93212,PAXIL,,,
93213,GEMFIBROZIL,,,
93214,AZITHROMYCIN,,,
93215,FLUCONAZOLE,,,
93220,KETOROLAC,,,
93221,FELBAMATE,,,
93224,CLARITIN,,,
93231,IMITREX,,,
93237,SIMVASTATIN,,,
93238,BETAPACE,,,
93239,FLURBIPROFEN,,,
93243,LAMISIL,,,
93248,SUMATRIPTAN,,,
93249,VALPROATE,,,
93252,PHENTOLAMINE,,,
93257,LORATADINE,,,
93262,MIDAZOLAM HCL,,,
93305,GLYBURIDE,,,
93306,ADENOCARD,,,
93307,ENGERIX-B,,,
93308,DAKIN'S SOLUTION,,,
93311,PEDVAX HIB,,,
94054,ACE INHIBITOR,,,
94059,DOVONEX,,,
94070,EFFEXOR,,,
94071,INDAPAMIDE,,,
94072,NSAID,,,
94073,OCUFLOX,,,
94074,PULMOZYME,,,
94075,SEREVENT,,,
94080,DESMOPRESSIN,,,
94081,DIVALPROEX SODIUM,,,
94089,ICAPS,,,
94097,MEPRON,,,
94099,NEURONTIN,,,
94104,RISPERIDONE,,,
94108,TECHNETIUM,,,
94110,LOZENGES,,,
94113,DIFLUNISAL,,,
94114,GABAPENTIN,,,
94116,HUMULIN R,,,
94117,LOVENOX,,,
94118,NAPHAZOLINE/PHENIRAMINE,,,
94119,NORETHINDRONE ACETATE,,,
94123,BECONASE AQ,,,
94124,CHOLESTYRAMINE,,,
94125,ALEVE,,,
94126,DEMADEX,,,
94128,DAYQUIL,,,
94133,TERAZOSIN,,,
94134,DESONIDE,,,
94139,CEFPODOXIME,,,
94143,DEPO INJECTION,,,
94146,PENICILLIN G BENZATHINE,,,
94155,MEDIPLAST,,,
94158,RISPERDAL,,,
94160,KYTRIL,,,
94162,AZACITIDINE,,,
94163,ALOE VERA,,,
94173,ACEBUTOLOL,,,
94174,RHINOCORT,,,
94175,ANTIBACTERIAL AGENT,,,
94179,NABUMETONE,,,
94188,FENTANYL,,,
94189,FLUMAZENIL,,,
94191,MONISTAT,,,
94192,HIV MEDICATION,,,
94196,OCTREOTIDE,,,
95003,ECONAZOLE,,,
95005,FLONASE,,,
95016,ADDERALL,,,
95018,NASAL WASH,,,
95020,NICARDIPINE,,,
95021,ARTHRITIS MEDICATION,,,
95023,CHILDRENS MOTRIN,,,
96003,PERMETHRIN,,,
96005,ALENDRONATE SODIUM,,,
96007,CETIRIZINE,,,
96008,HUMULIN N,,,
96009,BENZOCAINE,,,
96010,VAPORIZER,,,
96020,LEVOXYL,,,
96022,ZYRTEC,,,
96024,CLOBETASOL,,,
96027,DOCUSATE SODIUM,,,
96028,ACETAMINOPHEN-HYDROCODONE,,,
96029,ALBENDAZOLE,,,
96031,DRONABINOL,,,
96038,MUPIROCIN,,,
96041,TRAMADOL,,,
96043,VALTREX,,,
96045,DEMEROL,,,
96049,HEPATITIS VACCINE,,,
96050,HOMEOPATHICS,,,
96055,LEVOTHYROID,,,
96057,LANACORT,,,
96059,PRENAVITE,,,
96066,NORVIR,,,
96084,OPCON-A,,,
96087,VIBRA-TABS,,,
96091,FLOVENT,,,
96093,RITONAVIR,,,
96094,ACARBOSE,,,
96095,ETOMIDATE,,,
96102,EC-NAPROSYN,,,
96105,TEGADERM,,,
96107,BUMETANIDE,,,
96109,OXYCONTIN,,,
96115,SALMETEROL,,,
96121,DIMETAPP COLD/ALLERGY,,,
96122,REMERON,,,
96123,ZEBETA,,,
96124,HAVRIX,,,
96125,MELATONIN,,,
96128,AVONEX,,,
96130,LANSOPRAZOLE,,,
96133,ADAPALENE,,,
96137,DHEA,,,
96138,AMARYL,,,
96147,CELLCEPT,,,
96154,SOMATROPIN,,,
96157,AEROCHAMBER,,,
96159,BARLEY GRASS,,,
96161,DIFLORASONE DIACETATE,,,
96164,BETIMOL,,,
96165,ELMIRON,,,
96167,XALATAN,,,
97168,SEROQUEL,,,
97170,CENTRUM SILVER,,,
97171,OXICONAZOLE,,,
97174,BABY ASPIRIN,,,
98001,MAG-OX,,,
98006,ARTHROTEC,,,
98008,CARVEDILOL,,,
98010,NASONEX,,,
98017,PROPECIA,,,
98018,VANICREAM,,,
98022,ZOMIG,,,
98025,MONUROL,,,
98030,ECHINACEA,,,
98033,ALDARA,,,
98036,NORCO,,,
98038,SINGULAIR,,,
98041,VIAGRA,,,
98043,VICOPROFEN,,,
98046,MICROZIDE,,,
98047,NORITATE,,,
98048,ALORA,,,
98049,DONEPEZIL HCL,,,
98053,PREVPAC,,,
98054,TAZORAC,,,
98059,FLEET BABYLAX,,,
98065,DETROL,,,
98075,CALCIUM CITRATE,,,
98083,AZOPT,,,
98085,NIASPAN,,,
98086,PLAVIX,,,
98089,TERBINAFINE,,,
98090,ARIMIDEX,,,
98093,MONTELUKAST,,,
98094,REGRANEX,,,
98096,TOBI,,,
98097,AMERGE,,,
98098,COSOPT,,,
98099,GINKGO,,,
98100,MIGRANAL,,,
98103,XELODA,,,
98109,CHLORHEXIDINE GLUCONATE,,,
98111,SORIATANE,,,
98115,CELEXA,,,
98117,FENOFIBRATE,,,
98125,MYCOPHENLATE,,,
98126,FLUVIRIN,,,
98131,TOPIRAMATE,,,
98136,PROMETRIUM,,,
98139,TIZANIDINE,,,
98141,VALSARTAN,,,
98142,ALREX,,,
98143,COPAXONE,,,
98153,PERIOGARD,,,
99123,MORPHINE SULFATE,,,
99125,NITRODRIP,,,
99127,LIDOCAINE/EPINEPHRINE/TETRACAINE,,,
,EPINEPHRINE/TETRACAINE,,,
99128,LIPASE,,,
99132,EVISTA,,,
99133,ALBUTEROL,,,
99137,HERBS,,,
99139,MAGIC MOUTHWASH,,,
99144,RACEMIC EPINEPHRINE,,,
99148,ARMIDEX,,,
99155,L-CARNITINE,,,
99161,ROPINIROLE HCL,,,
99167,COQ-10,,,
99168,CREATINE,,,
00198,ENOXAPARIN SODIUM,,,
00206,ACTONEL,,,
00208,CELECOXIB,,,
00213,PANTOPRAZOLE SODIUM,,,
00218,CARBAMIDE PEROXIDE,,,
00223,ACCUTANE,,,
00233,CONCERTA,,,
00237,VANIQA,,,
00239,FEMHRT,,,
00251,VICODIN ES,,,
00253,LISPRO,,,
00254,CARTIA XT,,,
00259,FML,,,
00260,ACETAMINOPHEN,,,
00267,LIQUID TEARS,,,
00268,MOMETASONE FUROATE,,,
00269,SUCCINYLCHOLINE CHLORIDE,,,
00273,PROVIGIL,,,
00274,QVAR,,,
00280,ACETAMINOPHEN W/CODEINE,,,
00283,ACETAMINOPHEN W/OXYCODONE,,,
00293,AMLACTIN,,,
00295,ACETAZOLAMIDE,,,
00296,PENLAC,,,
00297,PLEXION,,,
00303,ZICAM,,,
00305,ACETIC ACID,,,
00307,METADATE ER,,,
00313,DIGITEK,,,
00316,LEFLUNOMIDE,,,
00317,NICOTROL INHALER,,,
00329,DTAP-HEPB-IPV,,,
00332,XOPENEX HFA,,,
00336,BIOIDENTICAL HORMONE,,,
00337,DTAP/IPV/HIB,,,
00338,ACETYLCYSTEINE,,,
00339,FEROCON,,,
00341,TDAP,,,
00342,TRICYCLICS,,,
00344,APIDRA SOLOSTAR,,,
00361,FLOVENT HFA,,,
00371,PHENERGAN SUPPOSITORIES,,,
00379,CETAPHIL CREAM,,,
00387,JOLESSA,,,
00395,ACNE,,,
00418,MVD COCKTAIL,,,
00460,ACTHAR,,,
00486,ACTIVASE,,,
00535,ADENOSINE,,,
00540,ADIPEX,,,
01116,ZYVOX,,,
01119,INDERAL LA,,,
01124,ULTRACET,,,
01127,CARAC,,,
01144,OLUX,,,
01146,CHROMIUM PICOLINATE,,,
01153,VAGIFEM,,,
01160,D5NS,,,
01162,MULTIVITAMIN W/ZINC,,,
01166,WELCHOL,,,
01171,AROMASIN,,,
01189,BIAXIN XL,,,
01193,HALOPERIDOL DECONATE,,,
01196,MOXIFLOXACIN,,,
01206,COENZYME Q10,,,
01207,LITHIUM CARBONATE,,,
01214,LANTUS,,,
01216,OXCARBAZEPINE,,,
01223,ALUMINUM CHLORIDE,,,
01225,ALUMINUM HYDROXIDE,,,
01228,BECLOMETHASONE DIPROPIONATE,,,
01233,RAPAMUNE,,,
01236,VERAPAMIL SR,,,
01242,CEFAZOLIN SODIUM,,,
01246,RIZATRIPTAN BENZOATE,,,
01249,METADATE CD,,,
01259,MILK THISTLE,,,
01264,DEPACON,,,
01266,INSULIN GLARGINE,,,
01267,HUMALOG MIX 75/25,,,
01275,ZONISAMIDE,,,
01278,METROLOTION,,,
01281,ADDERALL XR,,,
01282,LATANOPROST,,,
01290,AMANTADINE,,,
01297,NICOTINE GUM,,,
01307,DORZOLAMIDE AND TIMOLOL,,,
01310,PARICALCITOL,,,
01313,LANSINOH,,,
01318,EPTIFIBATIDE,,,
01319,TIAGABINE,,,
01378,AMIDATE,,,
01450,AMINOPHYLLINE,,,
01530,AMITRIPTYLINE,,,
01570,AMMONIUM CHLORIDE,,,
01630,AMOXICILLIN,,,
01635,AMOXICILLIN TRIHYDRATE,,,
01640,AMOXIL,,,
01660,AMPHETAMINE,,,
01678,AMPHOTERICIN,,,
01685,AMPICILLIN,,,
01775,ANALGESIC,,,
01838,ANAPROX,,,
02168,BLACK COHOSH,,,
02176,ALPHA LIPOIC ACID,,,
02186,ORTHO EVRA,,,
02187,ALPHAGAN P,,,
02189,GLUCOPHAGE XR,,,
02203,ABILIFY,,,
02204,BILBERRY EXTRACT,,,
02209,NOVOLOG,,,
02213,ELIDEL,,,
02217,ARANESP,,,
02223,ZETIA,,,
02231,ADALAT CC,,,
02232,BENEFIBER,,,
02234,TAZTIA XT,,,
02239,DOVE SOAP,,,
02243,BICALUTAMIDE,,,
02247,FLOXIN OTIC,,,
02249,PEPCID AC,,,
02250,ANTIVERT,,,
02254,ANAGRELIDE,,,
02256,ESCITALOPRAM OXALATE,,,
02261,VORICONAZOLE,,,
02271,RITALIN LA,,,
02274,NIACOR,,,
02279,PULMICORT,,,
02280,APRI,,,
02292,VENOFER,,,
02311,PIOGLITAZONE HCL,,,
02312,CABERGOLINE,,,
02315,ANUSOL-HC,,,
02321,TENOFOVIR DISOPROXIL FUMARATE,,,
02333,ROXICODONE,,,
02335,APAP,,,
02347,CALMOSEPTINE,,,
02351,FEMARA,,,
02356,INSPIREX,,,
02364,CALCITRATE,,,
02367,NUVARING,,,
02396,VARICELLA VIRUS VACCINE,,,
02405,APRESOLINE,,,
02465,AQUAMEPHYTON,,,
02470,AQUAPHOR,,,
02575,ARISTOCORT,,,
02627,ARMOUR THYROID,,,
02645,ARTANE,,,
02705,ASCORBIC ACID,,,
02805,ASPIRIN,,,
02875,ATARAX,,,
02900,ATIVAN,,,
02940,ATROPINE,,,
02950,ATROPINE SULFATE,,,
03209,ATAZANAVIR SULFATE,,,
03211,CIALIS,,,
03219,ELIGARD,,,
03222,MICARDIS HCT,,,
03226,ENALAPRIL MALEATE,,,
03227,EVOXAC,,,
03229,RED YEAST RICE,,,
03237,ATOMOXETINE HCL,,,
03241,TESTIM,,,
03247,COLESEVELAM HCI,,,
03251,RANITIDINE HCI,,,
03252,AMNESTEEM,,,
03253,GREEN TEA EXTRACT,,,
03264,FIBER CHOICE,,,
03272,METOPROLOL SUCCINATE,,,
03273,NOVOLIN R,,,
03276,SUBOXONE,,,
03279,AMPHETAMINE SALT COMBO,,,
03282,CANASA,,,
03283,CEFDINIR,,,
03286,KARIVA,,,
03287,OVACE,,,
03296,IVERMECTIN,,,
03306,NOVALOG,,,
03309,PROVENTIL HFA,,,
03318,HEPARIN SODIUM,,,
03319,TRAMADOL HCL,,,
03327,BIMATOPROST,,,
03328,ENALAPRIL/HCTZ,,,
03329,FERRLECIT,,,
03332,BENADRYL ALLERGY,,,
03359,MODAFINIL,,,
03368,LINEZOLID,,,
03371,ALTEPLASE,,,
03379,KENALOG IN ORABASE,,,
03381,MELOXICAM,,,
03400,BACIGUENT,,,
03410,BACITRACIN,,,
03411,FLAX SEED,,,
03415,BACITRACIN-NEOMYCIN-POLYMYXIN,,,
03420,BACITRACIN-POLYMYXIN,,,
03423,BACLOFEN,,,
03427,HUMIRA,,,
03428,EMTRICITABINE,,,
03430,BACTRIM,,,
03434,HYOSCYAMINE,,,
03438,BACTROBAN,,,
03490,BALSAM PERU NF,,,
03685,BCG VACCINE,,,
03700,BECLOMETHASONE,,,
03825,BELLADONNA W/PHENOBARBITAL,,,
03900,BEN-GAY,,,
03905,BENADRYL,,,
04245,FLORANEX TABS,,,
04246,FLORASTOR,,,
04266,GARLIC OIL,,,
04278,RISPERDAL CONSTA,,,
04282,ZEMPLAR,,,
04292,SENSIPAR,,,
04299,TURMERIC,,,
04304,TEARS AGAIN,,,
04307,SENNOSIDES,,,
04315,BIOFLAVONOIDS,,,
04320,ATENOLOL/CHLORTHALIDONE,,,
04322,BIOFREEZE,,,
04327,BOUDREAUX'S BUTT PASTE,,,
04333,GENERLAC,,,
04339,HERBAL DRUG (UNSPECIFIED),,,
04344,HYPROMELLOSE,,,
04345,BIOTIN,,,
04351,JANTOVEN,,,
04358,KINERET,,,
04361,MAGNESIUM ASCORBATE,,,
04368,CONTRACEPTIVE AGENT,,,
04370,BISACODYL,,,
04383,PROCTOZONE HC CREAM,,,
04393,TRUVADA,,,
04421,ERTAPENEM,,,
04423,LETROZOLE,,,
04434,BI-EST,,,
04438,CAYENNE,,,
04440,BISMUTH SUBSALICYLATE,,,
04446,LYCOPENE,,,
04448,AMMONIUM LACTATE,,,
04454,NASAL STEROID,,,
04473,IOPAMIDOL,,,
04477,N-ACETYLCYSTEINE,,,
04480,BLEPH,,,
04488,ELETRIPTAN HYDROBROMIDE,,,
04489,METADATE,,,
04491,SYMBICORT,,,
04494,IMIQUIMOD,,,
04512,TRINESSA,,,
04528,TAZOBACTAM,,,
04529,METHYLPREDNISOLONE SODIUM SUCCINATE,,,
04535,BARIUM SULFATE,,,
04536,ABX OINTMENT,,,
04544,HYDROCORTISONE VALERATE,,,
04554,PRESOLOL,,,
04556,SEVELAMER HYDROCHLORIDE,,,
04562,CALCIPOTRIENE,,,
04571,ISTALOL,,,
04576,DULOXETINE,,,
04577,HORSE CHESTNUT,,,
05154  ,"TECHNETIUM TC 99M MERTIATIDE
INJECTION",,,
05166,RADIOPAQUE DYE,,,
05173,CLARAVIS,,,
05176,AVASTIN,,,
05180,ELECARE,,,
05187,ORTHOVISC,,,
05194,DUTASTERIDE,,,
05197,LOSARTAN-HCTZ,,,
05207,CEFUROXIME AXETIL,,,
05218,CICLOPIROX,,,
05222,PYRANTEL,,,
05223,HOMATROPINE-HYDROCODONE,,,
05240,ISOTRETINOIN,,,
05244,ROZEREM,,,
05261,SOLIFENACIN,,,
05265,CAFFEINE,,,
05271,METANX,,,
05272,FORMOTEROL,,,
05283,COLISTIMETHATE,,,
05289,INDOLE-3-CARBINOL,,,
05291,LIDOCAINE/PRILOCAINE,,,
05308,MUCINEX DM,,,
05324,EPLERENONE,,,
05326,INFLIXIMAB,,,
05327,SPRINTEC,,,
05329,CAMILA,,,
05332,ESTROGEL,,,
05333,NORTREL,,,
05335,CALAMINE LOTION,,,
05337,LOFIBRA,,,
05338,FLUTICASON-SALMETEROL,,,
05341,DROSPIRENONE,,,
05344,FLUOR-A-DAY,,,
05347,CALAN,,,
05349,NEOMYCIN SULFATE,,,
05393,CALCITONIN,,,
05395,CALCIUM ACETATE,,,
05405,CALCIUM CARBONATE,,,
05415,CALCIUM,,,
05418,CALCIUM CHLORIDE,,,
05430,CALCIUM GLUCONATE,,,
05440,CALCIUM IODIZED,,,
05541,CALTRATE W/VITAMIN D,,,
05595,CANTHARIDIN,,,
05648,CAPOTEN,,,
05663,CARAFATE,,,
05680,CARBAMAZEPINE,,,
05789,CARDIZEM,,,
05810,CARISOPRODOL,,,
05895,CATAPRES,,,
05993,CEFTIN,,,
05995,CEFAZOLIN,,,
06247,FLECAINIDE,,,
06248,EQUETRO,,,
06249,SALONPAS,,,
06253,JUNEL FE,,,
06258,ZOSTER VACCINE LIVE,,,
06260,CHARCOAL,,,
06278,FAZACLO,,,
06281,MD-GASTROVIEW,,,
06291,TELMISARTAN,,,
06294,CHEMOTHERAPY,,,
06302,OLMESARTAN,,,
06312,EMSAM,,,
06323,TRIDERM,,,
06324,CLOBAZAM,,,
06374,CHILDREN'S TYLENOL,,,
06470,CHLORASEPTIC,,,
06495,CHLORDIAZEPOXIDE,,,
06590,CHLOROTHIAZIDE,,,
06605,CHLORPHENIRAMINE,,,
06620,CHLORPROMAZINE,,,
06645,CHLORTHALIDONE,,,
06661,CHLORZOXAZONE,,,
06800,CHRONULAC SYRUP,,,
06815,CIMETIDINE,,,
06839,CIPRO,,,
06860,CITRATE OF MAGNESIA,,,
06865,CITRIC ACID,,,
06895,CLEAR EYES,,,
06905,CLEOCIN,,,
06910,CLEOCIN PHOSPHATE,,,
06913,CLEOCIN T,,,
06920,CLINDAMYCIN,,,
06925,CLINDAMYCIN (PHOSPHATE),,,
06935,CLINORIL,,,
06968,CLODERM,,,
06980,CLONAZEPAM,,,
06985,CLONIDINE,,,
06990,CLONOPIN,,,
07001,OSELTAMIVIR,,,
07003,CLOTRIMAZOLE,,,
07016,MENACTRA,,,
07018,ORENCIA,,,
07023,PROBIOTIC ACIDAPHILES,,,
07033,BETAMIDE,,,
07043,XOLEGEL,,,
07049,APIDRA,,,
07058,ESTROVEN,,,
07072,TEA TREE OIL,,,
07076,INVEGA,,,
07079,BROVANA,,,
07088,D-MANNOSE,,,
07091,DELCO-LAX,,,
07391,URSO FORTE,,,
07392,VALGANCICLOVIR,,,
07393,CLINDAMYCIN TOPICAL,,,
07406,VYVANSE,,,
07412,ASA,,,
07422,SACCHAROMYCES BOULARDII,,,
07431,AMRIX,,,
07450,PREZISTA,,,
07454,AZOR,,,
07470,COMPAZINE,,,
07473,BENADRYL CREAM,,,
07474,INFANRIX,,,
07478,COMPOUND W,,,
07479,TRIANT-HC,,,
07481,XYZAL,,,
07494,LOVAZA,,,
07502,PHOSPHATIDYL CHOLINE,,,
07533,CLIMARA PRO,,,
07534,ETONOGESTREL,,,
07543,CONJUGATED ESTROGENS,,,
07549,CURCUMIN,,,
07571,FLULAVAL,,,
07572,HYALURONIC ACID,,,
07573,MMR VACCINE,,,
07576,ALIGN,,,
07579,ASHWAGANDHA,,,
07581,BIOSIL,,,
07593,HYDROCREAM,,,
07599,ELETONE,,,
07616,DERMABOND,,,
07622,FLUARIX,,,
07623,COPPER,,,
07635,PRENATAL PLUS,,,
07643,TROMETHAMINE,,,
07652,ETHINYL ESTRADIOL-,,,
07660,CORDRAN,,,
07669,GERI-HYDROLAC,,,
07670,CORGARD,,,
07680,CORICIDIN,,,
07688,INSULIN ASPART,,,
07702,PERFOROMIST,,,
07793,CORTISOL,,,
07795,CORTISONE,,,
07920,COUGH SYRUP,,,
07930,COUMADIN,,,
07997,CREON,,,
08002,NORA-BE,,,
08006,TAMSULOSIN,,,
08009,INSULIN N,,,
08015,CROMOLYN,,,
08023,JUVEDERM,,,
08032,BYSTOLIC,,,
08286,MULTIHANCE,,,
08293,SITAGLIPTIN,,,
08298,INFERTILITY MEDS,,,
08303,BACITRACIN ZINC,,,
08306,PHENYTOIN SODIUM EXTENDED,,,
08307,ATROPINE/HYOSCYAMINE/PB/SCOPOL,,,
08308,SENNA PLUS,,,
08317,BACITRACIN W/NEOSPORIN,,,
08326,EXCEDRIN EXTRA STRENGTH,,,
08336,SYRPALTA,,,
08337,RESVERATROL,,,
08341,CALCIUM CARBONATE W/VIT D,,,
08343,OCEAN NASAL SPRAY,,,
08345,DACRIOSE,,,
08351,IRON SULFATE,,,
08357,TRIPLE MIX DS,,,
08378,VARENICLINE,,,
08384,BLOOD PRESSURE MEDICATION,,,
08396,5 FU CREAM,,,
08400,DANAZOL,,,
08412,HEP A+B COMBO,,,
08413,LACTAID,,,
08418,POLYMYXIN B SULFATE DROPS,,,
08423,PENTACEL,,,
08426,DOXYLAMINE,,,
08429,RHOPHYLAC,,,
08432,NOVOLOG FLEXPEN,,,
08433,FEXMID,,,
08437,OMNIPRED,,,
08440,DAPSONE,,,
08441,COVERSYL,,,
08451,MOISTURIZING CREAM OTC,,,
08452,TUSSIONEX PENNKINETIC,,,
08462,AQUADEKS,,,
08464,ENSURE PLUS,,,
08468,ROCEPHIN W/LIDOCAINE,,,
08476,DHA,,,
08481,ADIPEX-P,,,
08482,LMX CREAM,,,
08493,COLD-EZE,,,
08497,CENTRUM D,,,
08513,OPHTHALMIC SOLUTION,,,
08522,RECLAST,,,
08527,DARUNAVIR,,,
08531,SYNERA,,,
08535,DDAVP,,,
08546,ESTER-C,,,
08547,PCV,,,
08552,PEG 3350,,,
08553,HIB-PRP-T,,,
08565,DEBROX,,,
09170,DEXTROAMPHETAMINE,,,
09174,PRECEDEX,,,
09175,DEXTROSE,,,
09181,TOPICAL ANESTHETIC,,,
09184,XYLITOL,,,
09199,LACOSAMIDE,,,
09213,ESZOPICLONE,,,
09215,CHOLESTEROL MED,,,
09216,BESIVANCE,,,
09218,THERACRAN,,,
09219,DILATRATE SR,,,
09223,EFFIENT,,,
09224,HEMATOMA BLOCK,,,
09230,CEFTRIAXONE W/LIDOCAINE,,,
09237,DEXLANSOPRAZOLE,,,
09249,BANZEL,,,
09253,EPIPEN JR,,,
09261,NYAMYC,,,
09270,SILVER ALGINATE,,,
09279,DUREZOL,,,
09283,ENSURE ENLIVE,,,
09284,ACID REDUCER,,,
09286,NUCYNTA,,,
09287,HUMALOG MIX 50/50,,,
09293,DIVALPROEX ER,,,
09296,KEPPRA XR,,,
09297,VALSARTAN/HYDROCHLOROTHIAZIDE,,,
09305,DIAMOX,,,
09313,DISCOVISC,,,
09318,MYCOLOG II,,,
09319,DOCOSAHEXAENOIC,,,
09326,METFORMIN ER,,,
09327,LEXISCAN,,,
09329,URO-JET,,,
09332,BROMFENAC OPTHALMIC,,,
09334,PALIPERIDONE,,,
09337,CICLESONIDE,,,
09344,PACKED RED BLOOD CELLS,,,
09353,MULTAQ,,,
09359,RACEMIC NEB,,,
09361,PRENATAL AD,,,
09364,DROSPIRENONE/ETHINYLESTRADIOL,,,
09365,DIATRIZOATE,,,
09368,KRILL OIL,,,
09370,DIAZEPAM,,,
09371,PEDIA-LAX,,,
09374,SPRIX,,,
09377,Z-PACK,,,
09378,MAALOX MAX,,,
09384,DEXMETHYLPHENIDATE,,,
09391,SAPHRIS,,,
09679,COLLAGENASE OINTMENT,,,
09681,CITRANATAL ASSURE,,,
09687,TESTOSTERONE CYPIONATE,,,
09701,DIGESTIVE ENZYMES,,,
09702,AZO,,,
09703,THYROID DESICCATED,,,
09716,KETOCONAZOLE SHAMPOO,,,
09721,UBIDECARENONE,,,
09722,CHOLECALCIFEROL,,,
09734,ASPIRIN/ACETAMINOPHEN/CAFFEINE,,,
09741,FEROSUL,,,
09751,HYDROCODONE/IBUPROFEN,,,
09752,SULFAMETHAZOLE TRIMETHOPRIM,,,
09753,THYROID STIMULATING HORMONE,,,
09757,ACZONE,,,
09760,KETOTIFEN FUMARATE,,,
09772,TOVIAZ,,,
09774,CIPRO/HYDROCORTISONE,,,
09786,D-10-W,,,
09787,HYDROCORTISONE OTIC,,,
09793,WOUND PREP,,,
09794,ALTACAINE,,,
09795,EXFORGE HCT,,,
09797,RAPAFLO,,,
09807,POLY HIST FORTE,,,
09809,ASPIR-LOW,,,
09825,WILSONS SOLUTION,,,
09827,GADOBENATE DIMEGLUMINE,,,
09834,DITROPAN XL,,,
09843,FERROSOL,,,
09846,CLAVULANATE,,,
09847,SITZ BATH,,,
09849,ENALAPRILAT,,,
09850,DIPHENHYDRAMINE,,,
09853,GLIPIZIDE XL,,,
09854,SAVELLA,,,
09856,ROTARIX,,,
09861,NUVIGIL,,,
09862,GAS RELIEF,,,
09867,POTASSIUM BICARBONATE,,,
09869,AMLODIPINE/ATORVASTATIN,,,
09880,DIPHENOXYLATE HCL & ATROPINE SULFATE,,,
09882,DEXTROMETHORPHAN,,,
09886,REFRESH PLUS,,,
09888,INSULIN DETEMIR,,,
09894,PHOS-NAK,,,
09897,SKINTEGRITY HYDROGEL,,,
09899,MEPILEX AG,,,
09902,GENTEAL PF,,,
09903,NICORELIEF,,,
09908,TEMSIROLIMUS,,,
10207,TRI-LO-SPRINTEC,,,
10210,DONNATAL,,,
10211,HELIUM OXGEN MIX,,,
10216,HPV VACCINE,,,
10225,DOPAMINE,,,
10228,CEVIMELINE,,,
10231,NEOMYCIN/POLYMYXIN B/HYDROCORTISONE,,,
10241,GADOTERIDOL,,,
10242,D-VI-SOL,,,
10244,TRIBENZOR,,,
10251,TROSPIUM,,,
10256,NICOTINE POLACRILEX,,,
10261,LYSTEDA,,,
10262,HYDROCORTISONE-PRAMOXINE,,,
10266,GLUTATHIONE,,,
10272,STELARA,,,
10274,NEEVO DHA,,,
10282,TIROSINT,,,
10296,METHYLSULFONYLMETHANE,,,
10301,VITAMIN D2,,,
10306,GIANVI,,,
10309,AMPYRA,,,
10316,PCV 13,,,
10322,HYDROCHLOROTHIAZIDE/TRIAMTERENE,,,
10324,NUCLEAR RX,,,
10325,DOXEPIN,,,
10342,STERILID,,,
10347,VITAMIN B3,,,
10355,DOXYCYCLINE,,,
10356,PRADAXA,,,
10359,ACTEMRA,,,
10360,DOXYLAMINE SUCCINATE & PYRIDOXINE HCL,,,
10368,LEVOCETIRIZINE DIHYDROCHLORIDE,,,
,DIHYDROCHLORIDE,,,
10375,TRI VITAMIN WITH FLOURIDE,,,
10380,DRAMAMINE,,,
10382,CENTRUM WITH IRON,,,
10389,DEXTROAMPHETAMINE/,,,
,AMPHETAMINE,,,
10393,LORATADINE-PSEUDOEPHEDRINE,,,
10397,POTASSIUM BICARBONATE/,,,
,POTASSIUM CITRATE,,,
10399,CIPROFLOXACIN-DEXAMETHASONE,,,
10408,LIRAGLUTIDE,,,
10411,LOPINAVIR/RITONAVIR,,,
10423,SALINE CLEANSER,,,
10437,PRASUGREL,,,
10440,DRISDOL,,,
10441,AKTEN,,,
10443,ELON DUAL,,,
11176,NUTRICAP,,,
11192,ARESTIN,,,
11197,LURASIDONE,,,
11203,NOVOFINE,,,
11209,TRIFLEX,,,
11213,MENVEO,,,
11216,ZARAH,,,
11218,SUPREP,,,
11224,OFIRMEV,,,
11233,GADODIAMIDE,,,
11234,DENOSUMAB,,,
11257,SAFYRAL,,,
11258,KOMBIGLYZE XR,,,
11264,ZYTIGA,,,
11267,MEDICAL MARIJUANA,,,
11275,PRENATABS,,,
11281,SUPPLEMENTAL SHAKES,,,
11289,VASCULERA,,,
11291,TNF ALPHA INHIBITOR,,,
11294,LAMIVUDINE-ZIDOVUDINE,,,
11303,FANAPT,,,
11306,WHEAT DEXTRIN,,,
11309,OCULAR LUBRICANT,,,
11318,IOVERSOL,,,
11332,PRO-STAT AWC,,,
11353,DALIRESP,,,
11354,BUDESONIDE-FORMOTEROL,,,
11363,CAMRESE,,,
11368,VTE PROPHYLAXIS,,,
11384,ISOVUE-370,,,
11385,DESVENLAFAXINE,,,
11393,XARELTO,,,
11399,OLMESARTAN-,,,
,HYDROCHLOROTHIAZIDE,,,
11430,ENZYMATIC DIGESTANT,,,
11450,EPHEDRINE,,,
11520,EPIFOAM,,,
11540,EPINEPHRINE,,,
11548,EPIPEN,,,
11575,EPSOM SALT,,,
11615,ERGOCALCIFEROL,,,
11657,ERYPED,,,
11665,ERYTHROMYCIN,,,
11668,ERYTHROMYCIN OPHTHALMIC,,,
11688,ESGIC,,,
11690,ESIDRIX,,,
11740,ESTRACE,,,
11745,ESTRADIOL,,,
11800,ESTROGEN,,,
11880,ETHINYL ESTRADIOL,,,
11898,ETHOSUXAMIDE,,,
11915,ETHYL CHLORIDE,,,
12118,VENLAFAXINE ER,,,
12122,GUAIFENESIN DM,,,
12123,ZYRTEC-D,,,
12129,KAPVAY,,,
12132,TESTOPEL,,,
12144,ZETONNA,,,
12149,CORTISPORIN,,,
12151,,,,
,,,,
12152,BYDUREON,,,
12154,ESCITALOPRAM,,,
12157,LEVOCETIRIZINE,,,
12158,LEUPROLIDE,,,
12161,MOMETASONE,,,
12162,PRILOSEC OTC,,,
12163,CALCIPOTRIENE/BETAMETHASONE,,,
,DIPROPIONAT,,,
12171,NORGESTIMATE-ETHINYL,,,
,ESTRADIOL,,,
12176,PREPARATION H,,,
12179,METFORMIN-SITAGLIPTIN,,,
12188,FOLBIC,,,
12189,GARLIC,,,
12191,LEVALBUTEROL,,,
12193,FELDENE,,,
12195,SALINE NASAL SPRAY,,,
12196,SULFAMETHOXAZOLE-,,,
,TRIMETHOPRIM,,,
12197,SUMATRIPTAN-NAPROXEN,,,
12198,CORICIDIN HBP,,,
12200,EDARBYCLOR,,,
12202,FORMOTEROL-MOMETASONE,,,
12209,EPIDURAL,,,
12210,LORZONE,,,
12211,OMEPRAZOLE-SODIUM,,,
,BICARBONATE,,,
12216,HEPARIN PORCINE,,,
12227,ZIOPTAN,,,
12231,RYNEX DM,,,
12234,OZURDEX,,,
12236,CAMPHOR-MENTHOL,,,
12241,TRIANEX,,,
12244,VSL#3,,,
12249,GENERESS FE,,,
12259,EYLEA,,,
12261,QNASL,,,
12263,ONFI,,,
12264,PHENYLEPHRINE-TROPICAMIDE,,,
12277,DUEXIS,,,
12281,JAKAFI,,,
12287,CETIRIZINE-PSEUDOEPHEDRINE,,,
12294,GOLD BOND ANTI-ITCH,,,
12299,DYMISTA,,,
13007,DICLOFENAC-MISOPROSTOL,,,
13009,ELIQUIS,,,
13014,IRBESARTAN/,,,
,HYDROCHLOROTHIAZIDE,,,
13015,LISINOPRIL-,,,
,HYDROCHLOROTHIAZIDE,,,
13017,NAMENDA XR,,,
13029,ROBAFEN DM,,,
13031,AUBAGIO,,,
13032,ABSORICA,,,
13035,FUL-GLO,,,
13036,ALBENZA,,,
13039,ASTAXANTHIN,,,
13040,AUVI-Q,,,
13042,BC POWDER,,,
13044,BELVIQ,,,
13047,TECFIDERA,,,
13058,CYCLAFEM,,,
13063,DOLUTEGRAVIR,,,
13068,ELVITEGRAVIR,,,
13074,ESTARYLLA,,,
13087,ILEVRO,,,
13088,INVOKANA,,,
13094,LINACLOTIDE,,,
13097,LINZESS,,,
13104,LUBIPROSTONE,,,
13105,FURADANTIN,,,
13106,MAKENA,,,
13108,MINASTRIN,,,
13111,MIRABEGRON,,,
13112,MIRVASO,,,
13118,FUROSEMIDE,,,
13122,PROLENSA,,,
13126,RISAMINE,,,
13129,ROFLUMILAST,,,
13130,SIMBRINZA,,,
13131,SORILUX,,,
13137,XEOMIN,,,
13139,XTANDI,,,
13141,ZUBSOLV,,,
13146,TINIDAZOLE,,,
13147,TUDORZA,,,
13148,VASCEPA,,,
13149,DIHYDROERGOTAMINE,,,
13156,FOSFOMYCIN,,,
13159,TENIVAC,,,
13161,TICAGRELOR,,,
13205,GARAMYCIN,,,
13215,GASTROGRAFIN,,,
13275,GELFOAM,,,
13320,GENTAMICIN,,,
13325,GENTIAN VIOLET,,,
15037,ENSKYCE,,,
15040,HYDROQUINONE,,,
15042,FALMINA,,,
15046,HYOPHEN,,,
15051,MONO-LINYAH,,,
15052,MONOVISC,,,
15056,ORALONE,,,
15060,HYDROXOCOBALAMIN,,,
15066,RYTARY,,,
15067,SAVAYSA,,,
15068,SAXENDA,,,
15070,HYDROXYCHLOROQUINE,,,
15071,STENDRA,,,
15072,STIOLTO,,,
15074,TRIMIX,,,
15076,XIGDUO XR,,,
15086,FYCOMPA,,,
15089,NINTEDANIB,,,
15090,HYDROXYUREA,,,
15099,TOFACITINIB,,,
15100,HYDROXYZINE,,,
15105,HYDROXYZINE PAMOATE,,,
15115,HYGROTON,,,
15305,HYTONE,,,
15307,HYTRIN,,,
15395,IBUPROFEN,,,
15400,ICHTHAMMOL,,,
15455,ICY HOT ANALGESIC BALM,,,
15495,ILOTYCIN,,,
15520,IMIPRAMINE,,,
15540,IMMUNE SERUM GLOBULIN,,,
15545,IMODIUM,,,
15548,IMOVAX RABIES,,,
15555,IMURAN,,,
15560,INAPSINE,,,
15575,INDERAL,,,
15590,INDOCIN,,,
15600,INDOMETHACIN,,,
15670,INSTA GLUCOSE,,,
15680,INSULIN,,,
15705,INTROPIN,,,
15730,IODINE,,,
15733,IODINE SOLUTION STRONG,,,
15870,IRON PREPARATION,,,
15990,ISONIAZID,,,
16000,DICLEGIS,,,
16001,ONEXTON,,,
16004,COSENTYX,,,
16007,GENVOYA,,,
16009,INCRUSE ELLIPTA,,,
16012,ORENITRAM,,,
16013,SOOLANTRA,,,
16016,TOUJEO SOLOSTAR,,,
16157,NUCALA,,,
16158,FLUCAINE,,,
16159,RHOPRESSA,,,
16161,VYZULTA,,,
16164,AIMOVIG,,,
16167,TRELEGY ELLIPTA,,,
16168,RHOFADE,,,
16169,BIKTARVY,,,
16170,NEOMYCIN/POLYMYXIN,,,
,B/PRAMOXINE TOPICAL,,,
16173,GATIFLOXACIN-PREDNISOLONE,,,
,OPHTHALMIC,,,
16174,BROMFENAC/GATIFLOXACIN/,,,
,PREDNISOLONE OPH,,,
16178,MYDAYIS,,,
16182,TREMFYA,,,
16184,SYNJARDY,,,
16186,OZEMPIC,,,
16188,SULFACETAMIDE SODIUM TOPICAL,,,
16189,MOMETASONE TOPICAL,,,
16192,CANNABIDIOL,,,
16197,GADOTERATE MEGLUMINE,,,
16213,POTASSIUM ACETATE,,,
16217,VASOPRESSIN,,,
16218,DORNASE ALPHA (PULMOZYME),,,
16219,DIPHENHYDRAMINE/,,,
,LIDOCAINE/NYSTATIN TOPI,,,
16223,ACETAMINOPHEN/,,,
,DEXTROMETHORPHAN/PE,,,
16227,GAMUNEX-C,,,
16230,RILPIVIRINE,,,
16231,LEDIPASVIR-SOFOSBUVIR,,,
16238,BACILLUS COAGULANS,,,
16243,MAGNESIUM GLYCINATE,,,
16244,DEFERASIROX,,,
16247,FORMOTEROL-GLYCOPYRROLATE,,,
16248,HEPATITIS A PEDIATRIC VACCINE,,,
16257,SODIUM FLUORIDE F-18,,,
16258,FERRIC CITRATE,,,
16259,VITAMIN A & D TOPICAL,,,
16264,IXEKIZUMAB,,,
16270,K-Y STERILE LUBRICATING JELLY,,,
16274,ORBACTIV,,,
16275,PRUCALOPRIDE,,,
16276,RETACRIT,,,
16277,MYTESI,,,
16279,XULTOPHY,,,
16281,ADMELOG,,,
16282,ILUVIEN,,,
16283,SEMAGLUTIDE,,,
16284,TIBSOVO,,,
,,,,
17243,LAXATIVE,,,
17265,LECITHIN,,,
17320,LEUCOVORIN,,,
17355,LEVOPHED,,,
17365,LEVOTHROID,,,
17370,LEVOTHYROXINE,,,
17375,LEVSIN,,,
17440,LIBRAX,,,
17450,LIBRIUM,,,
17475,LIDEX,,,
17485,LIDOCAINE,,,
17490,LIDOCAINE HCL,,,
17495,LIDOCAINE HCL W/EPINEPHRINE,,,
17560,LIORESAL,,,
17563,LIOTHYRONINE SODIUM,,,
17670,LIQUIFILM,,,
17715,LITHIUM,,,
17725,LITHOBID,,,
17833,LOCAL ANESTHETIC,,,
17834,LOCOID,,,
17840,LOESTRIN,,,
17865,LOMOTIL,,,
17880,LOPERAMIDE,,,
17883,LOPID,,,
17885,LOPRESSOR,,,
17888,LORAZEPAM,,,
17925,LOTRIMIN,,,
17945,LOXITANE,,,
18015,LUMINAL,,,
18050,LYSINE,,,
18125,MAALOX,,,
18130,MACRODANTIN,,,
18189,MAGNESIUM CARBONATE,,,
18190,MAGNESIUM CHLORIDE,,,
18195,MAGNESIUM CITRATE,,,
18200,MAGNESIUM GLUCONATE,,,
18215,MAGNESIUM SULFATE,,,
18223,MAGONATE,,,
18345,MANNITOL,,,
18395,MARCAINE,,,
18400,MARCAINE HCL W/EPINEPHRN,,,
18515,MAXIDEX,,,
18520,MAXITROL,,,
18523,MAXZIDE,,,
18555,MECLIZINE,,,
18640,MEDROL,,,
18643,MEDROXYPROGESTERONE,,,
18645,MEFOXIN,,,
18655,MEGACE,,,
18663,MEGESTROL,,,
18695,MENEST,,,
18745,MENTHOL,,,
18760,MEPERIDINE,,,
20338,NASALIDE,,,
20455,NEBCIN,,,
20595,NEO-SYNEPHRINE,,,
20690,NEOMYCIN,,,
20798,NEPHROCAPS,,,
20855,NEUTROGENA,,,
20885,NIACIN,,,
20890,NIACINAMIDE,,,
20970,NICOTINAMIDE,,,
21065,NILSTAT,,,
21130,NITRO-BID,,,
21145,NITROFURANTOIN,,,
21160,NITROGLYCERIN,,,
21165,NITROGLYN,,,
21170,NITROL,,,
21185,NITROSTAT,,,
21195,NITROUS OXIDE,,,
21203,NIZORAL,,,
21245,NOR-Q.D.,,,
21280,NORFLEX,,,
21373,NORMODYNE,,,
21403,NORTRIPTYLINE,,,
21513,NTG,,,
21550,NUBAIN,,,
21620,NUTRAMIGEN,,,
21645,NYDRAZID,,,
21695,NYSTATIN,,,
21701,NYSTATIN W/TRIAMCINOLONE,,,
21750,OCEAN MIST,,,
22015,ORGANIDIN,,,
22065,ORPHENADRINE,,,
22110,OS-CAL,,,
22140,OSMITROL,,,
22287,OXYBUTYNIN CHLORIDE,,,
22303,OXYCODONE HCL,,,
22305,OXYCODONE HCL &,,,
,ACETAMINOPHEN,,,
22306,OXYCODONE W/APAP,,,
22315,OXYGEN,,,
22323,OXYMETAZOLINE HCL,,,
22345,OXYTOCIN,,,
22520,PAMELOR,,,
22643,PANCRELIPASE,,,
22810,PARAFON FORTE,,,
22858,PARENTERAL NUTRITION/VIA FLEX,,,
22875,PARLODEL,,,
23120,PEDIALYTE,,,
23185,PEN-VEE K,,,
23215,PENICILLIN,,,
23220,PENICILLIN G,,,
23221,PENICILLIN G POTASSIUM,,,
23225,PENICILLIN V,,,
25250,PROCTOFOAM,,,
25255,PROCTOFOAM-HC,,,
25305,PROGESTERONE,,,
25310,PROGLYCEM,,,
25330,PROLIXIN,,,
25355,PROMAZINE,,,
25365,PROMETHAZINE,,,
25375,PROMETHAZINE COMPOUND,,,
,W/CODEINE,,,
25430,PROMETHAZINE VC W/CODEINE,,,
25432,PROMETHAZINE W/CODEINE,,,
25433,PROMETHAZINE W/DM,,,
25485,PROPARACAINE,,,
25580,PROSTIGMIN,,,
25638,PROVENTIL,,,
25640,PROVERA,,,
25674,PROZAC,,,
25695,PSEUDOEPHEDRINE,,,
25803,PYRI,,,
25805,PYRIDIATE,,,
25810,PYRIDIUM,,,
25820,PYRIDOSTIGMINE,,,
25825,PYRIDOXINE HCL,,,
25865,PYROXINE,,,
25950,QUELICIN,,,
25965,QUESTRAN,,,
26090,RABIES VACCINE,,,
26255,REGLAN,,,
26280,REGULOID,,,
26453,RESTORIL,,,
26475,RETIN-A,,,
26685,RIBOFLAVIN,,,
26715,RIFAMPIN,,,
26760,RITALIN,,,
26785,ROBAXIN,,,
26805,ROBINUL,,,
26810,ROBINUL FORTE,,,
26830,ROBITUSSIN,,,
26835,ROBITUSSIN A-C SYRUP,,,
26870,ROCALTROL,,,
26883,ROGAINE,,,
27070,RUBBING ALCOHOL,,,
27130,RUTIN,,,
27300,SALAGEN,,,
27340,SALICYLATE,,,
27345,SALICYLIC ACID,,,
27368,SALINE,,,
27374,SALIVA SUBSTITUTE,,,
27423,SANDIMMUNE SANDOPAK,,,
27445,SANTYL,,,
27459,SARNA,,,
27545,SCOPOLAMINE,,,
27725,SELENIUM,,,
30030,SUNSCREEN,,,
30145,SUPPORT,,,
30215,SURGICEL,,,
30305,SYMMETREL,,,
30330,SYNALAR,,,
30395,SYNTHROID,,,
30495,TAGAMET,,,
30553,TAMOXIFEN,,,
30585,TAPAZOLE,,,
30590,TAR,,,
30660,TEARS PLUS,,,
30730,TEGRETOL,,,
30756,TEMAZEPAM,,,
30777,TENEX,,,
30781,TENORETIC,,,
30782,TENORMIN,,,
30800,TERAZOL,,,
30805,TERBUTALINE,,,
30880,TESSALON PERLE,,,
30915,TESTOSTERONE,,,
31000,TETANUS ANTITOXIN,,,
31015,TETANUS TOXOID,,,
31025,TETRACAINE,,,
31030,TETRACAINE HCL,,,
31050,TETRACYCLINE HCL,,,
31219,THEOPHENYLLINE,,,
31235,THEOPHYLLINE,,,
31325,THERAGRAN,,,
31455,THIAMINE,,,
31542,THIOTHIXENE,,,
31550,THORAZINE,,,
31588,THROAT PREPARATION,,,
31598,THROMBOLYTIC AGENT,,,
31630,THYROID,,,
31658,TIMOLOL,,,
31660,TIMOPTIC,,,
31670,TINACTIN,,,
31723,TOBRADEX,,,
31725,TOBRAMYCIN,,,
31728,TOBREX OPHTHALMIC,,,
31740,TOFRANIL,,,
31927,TRANDATE,,,
31939,TRANSDERM-SCOP,,,
31945,TRANXENE,,,
31997,TRAZODONE,,,
32013,TRENTAL,,,
32145,TRI-VI-SOL,,,
32155,TRIACIN,,,
32190,TRIAM,,,
32195,TRIAMCINOLONE,,,
32200,TRIAMCINOLONE ACETONIDE,,,
32273,TRIAMTERENE,,,
34775,WARFARIN,,,
34780,WART OFF,,,
34795,WATER FOR INJECTION,,,
34855,WESTCORT,,,
34980,WYDASE,,,
35023,XANAX,,,
35050,XEROFOAM DRESSING,,,
35060,XYLOCAINE,,,
35080,XYLOCAINE HCL W/EPINEPHRINE,,,
35155,ZAROXOLYN,,,
35165,ZEASORB MEDICATED,,,
35224,ZESTRIL,,,
35240,ZINC,,,
35245,ZINC GLUCONATE,,,
35250,ZINC OXIDE,,,
35260,ZINC SULFATE,,,
35295,ZINCATE,,,
35341,ZOVIRAX,,,
35350,ZYLOPRIM,,,
35415,ANTIDEPRESSANT AGENT,,,
35425,ANTIDIARRHEAL AGENT,,,
35430,ANTIEMETIC AGENT,,,
35445,ANTIFUNGAL AGENT,,,
35450,ANTIHISTAMINE,,,
35460,ANTIINFLAMMATORY AGENT,,,
35495,ANTIPYRETIC AGENT,,,
35595,TRIMETHOPRIM/,,,
,SULFAMETHOXAZOLE,,,
40185,BAYER ASPIRIN,,,
40285,CALTRATE,,,
40455,CYCLOPENTOLATE,,,
40460,CYTOTEC,,,
40520,DESYREL,,,
40580,DIABETA,,,
40605,DIPHENOXY/ATROP,,,
40610,DIPHENOXYLATE,,,
40615,DIPROLENE,,,
40950,LOPROX,,,
40955,LOZOL,,,
40960,MANGANESE,,,
41150,NASALCROM,,,
41315,POLYETHYLENE GLYCOL,,,
41495,SODIUM POLYSTYRENE SULFON,,,
41610,THEO-24,,,
41780,ZANTAC,,,
41820,GLYCERIN SUPPOSITORIES,,,
41830,PSYLLIUM,,,
41860,FOLATE,,,
41905,THYROXINE,,,
42143,TRACE ELEMENTS,,,
42425,GOLYTELY,,,
42780,NEOSPORIN OPHTHALMIC,,,
42800,NORMAL SALINE,,,
89009,ANUCORT-HC,,,
89010,BETAMETHASONE DIPROPIONATE,,,
89012,BROMFED-DM,,,
89013,BROMPHEN DX,,,
89014,BUPIVACAINE W/EPINEPHRINE,,,
89018,CLINDAMYCIN HCL,,,
89019,CLONIDINE HCL,,,
89020,CYCLOBENZAPRINE HCL,,,
89021,CYKLOKAPRON,,,
89025,DOXEPIN HCL,,,
89028,ERYTHROMYCIN ETHYLSUCCINATE,,,
89035,FLUOCINONIDE,,,
89037,HUMULIN 70/30,,,
89038,HYDROCODONE BITARTRATE,,,
,W/APAP,,,
89039,HYDROCODONE W/ACETAMINOPHEN,,,
89040,HYDROCORTISONE ACETATE,,,
89041,HYDROCORTISONE SOD SUCCINATE,,,
89042,HYDROXYPROGESTERONE,,,
,CAPROATE,,,
89045,LIDOCAINE HCL VISCOUS,,,
89049,METHYLPREDNISOLONE ACETATE,,,
89050,MOTRIN IB,,,
89053,NITROFURANTOIN MACROCRYSTALS,,,
89061,POLYTRIM,,,
89062,PRAZOSIN HCL,,,
89066,PRELONE,,,
89067,PROCARDIA XL,,,
89068,PROCHLORPERAZINE EDISYLATE,,,
89069,PROCHLORPERAZINE MALEATE,,,
89076,SUPRAX,,,
89080,TIMOLOL MALEATE,,,
91000,ALBUTEROL SULFATE,,,
91002,AMILORIDE HCL,,,
91009,BUTALBITAL/APAP/CAFFAINE,,,
91015,DOXYCYCLINE HYCLATE,,,
91027,GUAIFENESIN AC,,,
91028,HALOPERIDOL LACTATE,,,
91029,HYDROXYZINE HCL,,,
91034,LOTRIMIN AF,,,
91035,LUPRON DEPOT,,,
91039,NIFEDIPINE,,,
91043,PRILOSEC,,,
91058,VERELAN,,,
91061,ACYCLOVIR,,,
91062,ALPRAZOLAM,,,
91063,ATENOLOL,,,
91064,AZTREONAM,,,
91066,BUSPIRONE HCL,,,
91068,CEFTAZIDIME,,,
91069,CEFTRIAXONE,,,
91070,CEFUROXIME SODIUM,,,
92122,EPOETIN ALFA,,,
92123,ESTAZOLAM,,,
92124,ETODOLAC,,,
92125,FELODIPINE,,,
92126,FLUTICASONE,,,
92128,FOSINOPRIL,,,
92130,HALOBETASOL,,,
92131,HEPATITIS B VACCINE,,,
92134,LEVONORGESTREL,,,
92135,MESALAMINE,,,
92137,METROGEL,,,
92138,NADOLOL,,,
92139,NORGESTREL,,,
92140,OFLOXACIN,,,
92141,ONDANSETRON,,,
92143,PENTOXIFYLLINE,,,
92145,PIROXICAM,,,
92146,PRAVASTAN,,,
92149,QUINAPRIL,,,
92150,RAMIPRIL,,,
92152,TERCONAZOLE,,,
92153,TRANEXAMIC ACID,,,
92154,ANAFRANIL,,,
92155,ANSAID,,,
92156,DIFLUCAN,,,
92157,ELIMITE,,,
92160,PRINZIDE,,,
92161,TORADOL,,,
92163,ZESTORETIC,,,
92164,LISINOPRIL,,,
92180,LORTAB,,,
92182,OCCLUSAL,,,
93009,ALBUMIN,,,
93014,ALLERGY MEDICATION,,,
93022,ARTIFICIAL TEAR SOLUTION,,,
93024,ASPERCREME,,,
93029,BETA CAROTENE,,,
93032,BRONCHO SALINE,,,
93035,CARBIDOPA,,,
93036,CARDENE,,,
93038,CEFZIL,,,
93041,CITRACAL,,,
93057,ENULOSE,,,
93059,EPOGEN,,,
93062,FISH OIL,,,
93065,GAS-X,,,
93067,GENTAK,,,
93070,GROWTH HORMONE,,,
93071,HABITROL,,,
93089,LORCET,,,
93090,MACROBID,,,
93094,ROMAZICON (MAZICON),,,
93098,MONODOX,,,
93312,KETOPROFEN,,,
93313,DOBUTAMINE,,,
93315,PROPAFENONE,,,
93316,MEFLOQUINE,,,
93325,EMLA,,,
93327,ITRACONAZOLE,,,
93337,PROPOFOL,,,
93344,SOAP,,,
93345,DIPRIVAN,,,
93347,AMBIEN,,,
93348,PHOSLO,,,
93352,FAMOTIDINE,,,
93355,BUPROPION,,,
93368,DUODERM,,,
93371,MIDODRINE,,,
93373,UROCIT K,,,
93383,IMMUNIZATION,,,
93386,GI COCKTAIL,,,
93387,CEFOXITIN,,,
93394,AEROSOL THERAPY,,,
93395,INHALER,,,
93396,AMLODIPINE,,,
93399,OXAPROZIN,,,
93400,NEBULIZER,,,
93403,ITCH-X,,,
93404,SUCRALFATE,,,
93405,SANDOSTATIN,,,
93417,CEFPROZIL,,,
93419,TRIAZOLAM,,,
93422,FLUNISOLIDE,,,
93424,FLUDROCORTISONE ACETATE,,,
93440,CONDOMS,,,
93447,EMOLLIENT / LOTION / CREAM,,,
,/MOISTURIZER,,,
93448,VECURONIUM,,,
93449,RABIES IMMUNE GLOBULIN,,,
93451,CLOMIPRAMINE,,,
94001,SOTALOL,,,
94002,BENZONATE,,,
94004,PAROXETINE,,,
94007,ENEMA,,,
94010,PENTASA,,,
94014,VENLAFAXINE,,,
94016,ZIAC,,,
94027,SHAMPOO,,,
94031,IMDUR,,,
94034,ORTHO-TRICYCLEN,,,
94035,ZOLPIDEM TARTRATE,,,
94045,BEANO,,,
94048,METROGEL VAGINAL,,,
94049,OYSTER SHELL CALCIUM,,,
94053,BETA BLOCKER,,,
95024,FLUVOXAMINE,,,
95025,LUVOX,,,
95029,DOK,,,
95036,BUPRENORPHINE,,,
95042,NOREPINEPHRINE,,,
95045,TYLENOL PM,,,
95046,AMYLASE,,,
95047,ATOVAQUONE,,,
95048,DUOFILM PATCH,,,
95050,ULTRAM,,,
95052,OPTIRAY,,,
95054,ACTHIB,,,
95057,DTAP,,,
95064,ZIDOVUDINE,,,
95065,ZEMURON,,,
95072,BENZTROPINE,,,
95082,PAMIDRONATE,,,
95086,LIQUID NITROGEN,,,
95089,METAXALONE,,,
95092,PRAVASTATIN,,,
95097,CARDIOLITE,,,
95100,PROTEIN SUPPLEMENT,,,
95106,DANDRUFF SHAMPOO,,,
95109,CROLOM,,,
95111,GLUCOPHAGE,,,
95114,TRUSOPT,,,
95116,CAPSAICIN,,,
95118,HEPATITIS A VACCINE,,,
95119,MULTIVITAMIN W/ IRON,,,
95122,PREVACID,,,
95133,METFORMIN,,,
95141,NEFAZODONE,,,
95142,PREMPRO,,,
95144,LOTREL,,,
95145,MENINGOCOCCAL VACCINE,,,
95149,ZOSYN,,,
95152,COZAAR,,,
95154,QUERCETIN,,,
95155,FLAX SEED OIL,,,
95160,CLIMARA,,,
95164,DORZOLAMIDE,,,
95168,HISTINEX HC,,,
95171,HYZAAR,,,
95173,LEVBID,,,
95174,PROGRAF,,,
95177,FINASTERIDE,,,
95178,FIORICET/ CODEINE,,,
95180,GLUCERNA,,,
95181,LAMICTAL,,,
95182,VARIVAX,,,
95183,FOSAMAX,,,
95191,EPIVIR,,,
95192,CASODEX,,,
96169,ACIDOPHILUS,,,
96173,ZYPREXA,,,
96174,ALLEGRA,,,
96176,DIFFERIN,,,
97002,OLANZAPINE,,,
97004,CEFOTETAN,,,
97013,PREVALITE,,,
97016,ARICEPT,,,
97017,HUMALOG,,,
97019,SAW PALMETTO,,,
97020,LIPITOR,,,
97028,ALPHAGAN,,,
97035,ASTELIN,,,
97036,DIOVAN,,,
97037,PATANOL,,,
97041,ANTITUSSIVE,,,
97045,LEVAQUIN,,,
97047,MAGNESIUM,,,
97049,TOPAMAX,,,
97050,VISIPAQUE,,,
97056,MIRTAZAPINE,,,
97060,FAMCICLOVIR,,,
97061,NAROPIN,,,
97073,LOSARTAN,,,
97075,GENTEAL,,,
97084,ROCURONIUM,,,
97085,TORSEMIDE,,,
97089,GUANFACINE,,,
97098,PRAMIPEXOLE,,,
97099,GENERAL ANESTHESIC,,,
97105,COMBIVENT,,,
97113,ZANAFLEX,,,
97114,TAURINE,,,
97126,FLOMAX,,,
97129,ST JOHNS WORT,,,
97130,TACROLIMUS,,,
97132,MAXIPIME,,,
97134,PLASMA,,,
97135,VALACYCLOVIR,,,
97136,LAMOTRIGINE,,,
97138,TUSSIN DM,,,
97142,COREG,,,
97145,AVAPRO,,,
97146,ESTRING,,,
97148,MITOMYCIN,,,
97150,REQUIP,,,
97151,CHONDROITIN SULFATE,,,
97152,MIRAPEX,,,
97157,ATORVASTATIN,,,
97159,CALCITRIOL,,,
97162,FOSPHENYTOIN,,,
97163,LEVOFLOXACIN,,,
98156,MAXALT,,,
98158,TRICOR,,,
98160,ARAVA,,,
98161,CAPECITABINE,,,
98164,LOTEMAX,,,
98167,GRAPESEED EXTRACT,,,
99001,CEFEPIME,,,
99002,CELEBREX,,,
99005,REMICADE,,,
99006,RENAGEL,,,
99008,ALLEGRA D,,,
99013,NASACORT AQ,,,
99014,OMNICEF,,,
99015,ORTHO-NOVUM 7/7/7,,,
99018,ROTAVIRUS VACCINE,,,
99020,SEROTONIN,,,
99025,ACITRETIN,,,
99026,GLUCOSAMINE,,,
99028,TYLENOL ARTHRITIS,,,
99029,PREDNISOLONE ACETATE,,,
,OPHTHALMIC,,,
99031,ATACAND,,,
99033,CLOPIDOGREL,,,
99036,GLUCOSAMINE CHONDROITIN,,,
99042,PACERONE,,,
99043,PROAMATINE,,,
99046,RITUXAN,,,
99048,SODIUM SULFACETAMIDE AND,,,
,SULFUR,,,
99051,AVALIDE,,,
99052,ACTIVATED CHARCOAL,,,
99056,GLIMEPIRIDE,,,
99059,MICARDIS,,,
99066,SINEMET CR,,,
99074,CITALOPRAM,,,
99075,ENBREL,,,
99076,GLUCOSAMINE SULFATE,,,
99080,MIRALAX,,,
99088,ZIAGEN,,,
99089,ACIPHEX,,,
99090,ACTOS,,,
99098,NITROQUICK,,,
99099,PLETAL,,,
99101,QUETIAPINE FUMARATE,,,
99106,XOPENEX,,,
99107,ZADITOR,,,
99108,BETA AGONIST,,,
99109,BUFFERED LIDOCAINE,,,
99112,D-5-W,,,
99114,ENDOCET,,,
99117,LIDOCAINE BICARBONATE,,,
99118,NECON,,,
99119,NITROPASTE,,,
99174,PHOSPHORUS,,,
99184,TRIVORA,,,
99188,BOOST PLUS,,,
99194,ABACAVIR SULFATE,,,
99200,METHOHEXITAL,,,
99205,TETRABENAZINE,,,
99207,BRIMONIDINE,,,
99210,CARTIA,,,
99213,DIASTAT,,,
99214,DIOVAN HCT,,,
99216,FEXOFENADINE,,,
99219,GINKGO BILOBA,,,
99224,OMEGA-3,,,
99225,RALOXIFENE,,,
99999,ILLEGIBLE,,,